cus_Gender,cus_MartialTypeId,cus_Dependants,cus_CurrenResTypeId,cus_CurrenStyYear,app_CustBankClosBal,app_CustAssetValue,app_CustProductCatTypeId,app_CustBrandTypeId,app_CustIndustryTypeId,app_CustTenure,app_CustInstalCount,app_CustChasAsset,app_CustChasInitial,app_CustChasFinance,app_CustFinanInterest,app_CustEMI,app_CustTotInflow,AnotherScore,cus_Age,DOB_Score,TOR_Score,NYS,Dependant_Score,L2V_Score,ES_Score,Salary_Score,Borrwing_Score,CIBIL_Score,Overdue_Score,Enquiry_Score,Banking_Score,Avg_Bal_Score,Checkbounce_Score,Label
M,2750,0,2755,15,3289,0,1541,1360,879,24,24,63397,21397,42000,13.5,2223,1800,907.0,49,3,5,5,5,3,5,5,0,5,0,5,3,4,5,Pay
M,2750,2,2755,14,4562,0,1541,1542,879,18,18,63000,22000,41000,13.0,2722,1800,884.0,26,0,5,5,3,3,2,5,0,5,5,5,0,4,5,Pay
M,2750,2,2755,16,5246,0,1541,1542,879,18,18,53747,22747,31000,10.03,1981,1800,907.0,46,3,5,5,3,5,0,5,0,5,0,0,2,5,5,Pay
M,2750,4,2755,28,6249,0,1541,1360,879,24,24,61011,19011,42000,10.5,2118,1800,888.0,35,5,5,5,3,3,3,5,0,5,3,0,5,5,5,Pay
M,2750,3,2755,14,4673,0,1541,1542,879,24,24,54247,18247,36000,13.5,1905,1800,907.0,50,2,5,5,3,3,2,5,0,5,3,5,5,5,5,Pay
M,2750,3,2755,14,3816,0,1541,1360,879,18,18,59900,14900,45000,13.0,2988,1500,884.0,32,5,5,5,3,3,5,1,0,5,5,0,2,4,5,Pay
M,2750,4,2755,14,5642,0,1541,1542,879,24,24,53747,13747,40000,10.5,2017,1800,888.0,40,3,5,5,3,3,0,5,0,5,3,5,2,5,0,Pay
M,2750,4,2755,20,8437,0,1541,1542,879,24,24,60314,21314,39000,10.5,1966,1800,981.0,43,3,5,5,3,3,2,5,0,5,5,0,3,5,5,Pay
M,2750,3,2755,13,5349,0,1541,1542,879,24,24,58202,18202,40000,15.1,2170,1800,907.0,44,3,5,5,3,3,0,5,0,5,5,0,3,5,0,Pay
M,2750,4,2755,22,0,650000,1541,1360,1782,24,24,66612,21612,45000,13.5,2381,2300,960.0,28,0,5,5,3,3,0,5,0,5,0,0,5,1,5,Pay
M,2750,0,2755,18,0,265000,1541,1360,1783,18,18,67112,27112,40000,13.5,2672,2500,960.0,31,5,5,5,5,5,3,5,0,5,3,0,2,1,5,Pay
M,2750,3,2755,20,1500,0,1541,1542,603,18,18,60688,17688,43000,11.0,2783,1500,907.0,44,3,5,5,3,3,2,1,0,5,3,5,2,1,0,Pay
M,2750,4,2755,20,0,265000,1541,1360,1783,24,24,70663,21663,49000,13.5,2593,1500,884.0,26,0,5,5,3,3,2,1,0,5,0,0,3,1,5,Pay
M,2750,4,2755,20,0,268000,1541,1360,1783,24,24,66477,17477,49000,13.5,2593,1500,884.0,26,0,5,5,3,3,3,1,0,5,3,5,3,1,0,Pay
M,2750,4,2755,21,0,265000,1541,1360,1783,18,18,62704,22704,40000,13.5,2672,1500,884.0,27,0,5,5,3,3,3,1,0,5,3,0,3,1,0,Pay
M,2750,4,2755,42,0,265000,1541,1360,1782,24,24,57176,16676,40500,13.0,2126,1500,923.0,54,2,5,5,3,3,2,1,0,5,5,5,3,1,5,Pay
M,2750,4,2755,23,0,265000,1541,1542,1783,18,18,56746,21746,35000,10.0,2236,1000,884.0,29,0,5,5,3,3,3,1,0,5,5,5,5,1,5,Pay
M,2750,4,2755,44,0,265000,1541,1542,1783,24,24,68113,17613,50500,13.5,2672,1000,907.0,49,3,5,5,3,3,0,1,0,5,0,5,5,1,5,Pay
M,2750,4,2755,29,0,250000,1541,1360,1783,24,24,67862,24862,43000,13.0,2258,1000,939.0,36,5,5,5,3,3,2,1,0,5,0,0,2,1,5,Pay
M,2750,4,2755,46,0,254000,1541,1542,1783,18,18,62759,17759,45000,12.5,2969,1000,923.0,51,2,5,5,3,3,3,1,0,5,0,0,2,1,0,Pay
M,2750,4,2755,24,0,265000,1541,1360,1783,12,12,58000,28000,30000,12.5,2813,1000,967.0,30,5,5,5,3,5,2,1,0,5,0,0,5,1,5,Pay
M,2750,2,2755,40,0,245000,1541,1360,1782,18,18,60711,17711,43000,12.5,2837,2000,923.0,53,2,5,5,3,3,0,5,0,5,0,0,2,1,0,Pay
M,2750,4,2755,32,0,285000,1541,1542,1783,24,24,55254,20254,35000,10.0,1750,2000,888.0,39,5,5,5,3,3,5,5,0,5,3,5,3,1,5,Pay
M,2750,4,2755,31,0,1250000,1541,1360,1782,24,24,87294,26294,61000,12.5,3177,2300,904.0,38,5,5,5,3,3,3,1,0,5,0,5,0,1,5,Pay
M,2750,4,2755,32,0,265000,1541,1360,1783,24,24,64383,19383,45000,12.5,2344,2000,888.0,38,5,5,5,3,3,3,5,0,5,3,5,3,1,5,Pay
M,2750,4,2755,22,0,265000,1541,1542,1783,18,18,63602,16602,47000,13.5,3140,2000,887.0,29,0,5,5,3,3,3,5,0,5,0,0,0,1,0,Pay
F,2750,4,2755,27,0,268000,1541,1542,1783,18,18,62759,17759,45000,12.5,2969,2000,891.0,33,5,5,5,3,3,5,5,0,5,5,0,2,1,0,Pay
M,2750,2,2755,26,25000,200000,1541,1360,1782,18,18,62000,22000,40000,12.5,2639,2000,960.0,32,5,5,5,3,3,2,5,0,5,5,5,0,5,5,Pay
M,2750,0,2755,39,0,250000,1541,1360,603,24,24,67500,19500,48000,10.0,2400,2000,907.0,49,3,5,5,5,3,2,5,0,5,3,5,2,1,0,Pay
M,2750,4,2755,27,0,245000,1541,1542,1783,24,24,56823,17823,39000,12.5,2031,2000,888.0,34,5,5,5,3,3,0,5,0,5,3,0,2,1,5,Pay
M,2750,4,2755,27,0,265000,1541,1542,1783,18,18,56823,17823,39000,12.5,2573,2000,907.0,47,3,5,5,3,3,5,5,0,5,5,5,5,1,0,Pay
M,2750,4,2755,42,0,245000,1541,1542,1783,18,18,56823,17823,39000,12.5,2573,2000,907.0,49,3,5,5,3,3,3,5,0,5,5,5,0,1,0,Pay
M,2750,0,2755,20,0,265000,1541,1542,1782,24,24,56823,11823,45000,12.5,2344,2000,884.0,27,0,5,5,5,3,0,5,0,5,0,0,5,1,0,Pay
M,2750,3,2755,30,0,265000,1541,1542,1782,18,18,68585,18585,50000,10.0,3194,2000,838.0,36,5,5,5,3,3,3,5,0,5,0,5,0,1,0,Pay
M,2750,4,2755,26,0,265000,1541,1542,1783,18,18,56823,17823,39000,12.5,2573,2000,904.0,32,5,5,5,3,3,5,5,0,5,3,5,2,1,5,Pay
M,2750,2,2755,20,5000,300000,1541,1360,1783,18,18,66951,20951,46000,12.5,3035,2000,884.0,28,0,5,5,3,3,3,5,0,5,3,0,3,4,0,Pay
M,2750,2,2755,20,0,200000,1541,1360,1783,24,24,59685,16685,43000,10.0,2150,2000,884.0,26,0,5,5,3,3,2,5,0,5,3,0,3,1,5,Pay
M,2750,2,2755,30,0,300000,1541,1360,1782,24,24,67851,19851,48000,10.0,2400,2000,923.0,50,2,5,5,3,3,5,5,0,5,0,5,3,1,0,Pay
M,2750,3,2755,40,5200,150000,1541,1360,1783,12,12,63761,33761,30000,12.0,2800,2300,907.0,46,3,5,5,3,5,0,5,0,5,0,5,0,4,0,Pay
M,2750,2,2755,21,0,245000,1541,1542,604,24,24,63456,19456,44000,12.5,2292,2000,965.0,28,0,5,5,3,3,5,5,0,5,3,5,3,1,5,Pay
M,2750,2,2755,19,0,250000,1541,816,1782,18,18,85000,37000,48000,10.0,3067,2000,884.0,26,0,5,5,3,5,5,5,0,5,3,0,2,1,5,Pay
M,2750,4,2755,31,0,265000,1541,1360,1782,18,18,64289,16289,48000,10.0,3067,2000,959.0,37,5,5,5,3,3,2,5,0,5,0,5,3,1,0,Pay
M,2750,4,2755,20,0,254000,1541,1542,1783,24,24,56823,16823,40000,12.5,2083,2000,884.0,26,0,5,5,3,3,3,5,0,5,3,0,5,1,5,Pay
M,2750,2,2755,23,0,285000,1541,1542,1783,18,18,56323,16323,40000,12.5,2639,2000,888.0,36,5,5,5,3,3,5,5,0,5,5,0,5,1,0,Pay
M,2750,0,2755,29,5000,200000,1541,1360,1782,24,24,60000,13000,47000,12.5,2448,2000,888.0,35,5,5,5,5,3,2,5,0,5,5,0,0,5,5,Pay
M,2750,1,2755,35,0,250000,1541,1542,603,18,18,63456,16456,47000,10.0,3003,2100,904.0,42,3,5,5,5,3,3,5,0,5,3,0,3,1,5,Pay
M,2750,2,2755,23,0,150000,1541,1360,1783,24,24,68486,21486,47000,12.5,2448,2000,884.0,29,0,5,5,3,3,3,5,0,5,0,5,5,1,0,Pay
M,2750,2,2755,29,0,245000,1541,1542,1782,24,24,68810,26810,42000,12.5,2188,2000,888.0,36,5,5,5,3,3,0,5,0,5,3,0,0,1,0,Pay
M,2750,3,2755,24,0,250000,1541,1542,603,18,18,68810,27810,41000,12.5,2705,2000,884.0,31,5,5,5,3,5,0,5,0,5,5,5,2,1,5,Pay
M,2750,3,2755,17,0,200000,1541,1542,1783,12,12,63456,19456,44000,12.5,4125,2000,884.0,24,0,5,5,3,3,5,5,0,5,3,0,0,1,5,Pay
M,2750,3,2755,26,0,250000,1541,1542,1783,12,12,56823,15323,41500,12.5,3891,2000,888.0,36,5,5,5,3,3,0,5,0,5,5,0,0,1,5,Pay
M,2750,3,2755,44,0,154000,1541,1542,603,18,18,56823,19323,37500,12.0,2458,2000,923.0,51,2,5,5,3,3,2,5,0,5,0,5,0,1,0,Pay
M,2750,2,2755,39,0,250000,1541,816,603,24,24,109154,49154,60000,12.5,3125,2000,907.0,45,3,5,5,3,5,2,1,0,5,0,0,3,1,0,Pay
M,2750,0,2755,23,0,215000,1541,1542,1783,24,24,62343,17343,45000,12.5,2344,2000,888.0,39,5,5,5,5,3,5,5,0,5,0,0,2,1,5,Pay
M,2750,3,2755,37,0,250000,1541,1542,1782,24,24,63456,19456,44000,12.5,2292,2000,907.0,44,3,5,5,3,3,5,5,0,5,3,0,0,1,5,Pay
F,2750,3,2755,17,0,150000,1541,1542,603,12,11,68810,45810,23000,10.0,2300,2000,884.0,31,5,5,5,3,5,3,5,0,5,3,0,5,1,0,Pay
F,2750,0,2755,23,0,250000,1541,1542,1783,18,18,68810,17810,51000,10.0,3258,2100,884.0,30,5,5,5,5,3,3,5,0,5,0,0,0,1,0,Pay
M,2750,3,2755,44,0,250000,1541,1360,603,24,24,68155,28155,40000,10.0,2000,2100,923.0,51,2,5,5,3,5,5,5,0,5,5,0,0,1,0,Pay
M,2750,2,2755,29,0,200000,1541,1542,1783,18,18,68810,28810,40000,10.0,2556,2000,888.0,36,5,5,5,3,5,5,5,0,5,3,5,0,1,5,Pay
M,2750,0,2755,30,0,200000,1541,1542,1783,18,18,56823,15823,41000,10.0,2619,2000,888.0,39,5,5,5,5,3,2,5,0,5,0,0,3,1,5,Pay
M,2750,4,2755,30,0,200000,1541,1360,1783,24,24,60589,17589,43000,12.5,2240,2000,888.0,39,5,5,5,3,3,5,5,0,5,3,5,2,1,0,Pay
M,2750,4,2755,29,0,200000,1541,1360,1783,24,24,64539,17539,47000,12.5,2448,2000,932.0,34,5,5,5,3,3,3,5,0,5,5,5,3,1,5,Pay
F,2750,3,2755,20,0,150000,1541,1360,1783,24,24,63984,18984,45000,10.0,2250,2000,888.0,35,5,5,5,3,3,5,5,0,5,5,0,3,1,0,Pay
F,2750,2,2755,20,0,200000,1541,1360,1783,18,18,60739,22739,38000,10.0,2428,2100,884.0,25,0,5,5,3,3,2,5,0,5,5,0,0,1,0,Pay
M,2750,4,2755,35,0,250000,1541,1360,1783,24,24,64536,17536,47000,12.5,2448,2000,888.0,42,3,5,5,3,3,3,5,0,5,5,0,0,1,0,Pay
M,2750,4,2755,25,0,200000,1541,1542,1783,18,18,63689,21689,42000,10.0,2683,2100,888.0,39,5,5,5,3,3,2,5,0,5,0,5,0,1,5,Pay
M,2750,4,2755,56,0,200000,1541,1542,1783,18,18,63456,22456,41000,12.5,2705,2000,923.0,69,1,5,5,3,3,5,5,0,5,0,0,3,1,5,Pay
M,2750,4,2755,20,0,150000,1541,1542,1783,18,18,61350,26750,34600,12.5,2283,2000,884.0,28,0,5,5,3,5,2,5,0,5,3,0,0,1,0,Pay
M,2750,2,2755,25,0,1200000,1541,1546,1783,18,18,60202,20702,39500,12.5,2606,2000,947.0,31,5,5,5,3,3,0,5,0,5,5,0,5,1,5,Pay
M,2750,2,2755,30,0,320000,1541,1542,1783,24,24,56933,14423,42510,12.5,2214,2000,888.0,41,3,5,5,3,3,0,5,0,5,0,5,0,1,0,Pay
M,2750,2,2755,10,1500,0,1541,1360,1783,18,18,69610,19110,50500,12.5,3332,1800,907.0,45,3,5,5,3,3,0,1,0,5,5,5,0,1,0,Pay
M,2750,8,2755,25,1500,0,1541,1360,1783,24,24,56488,14488,42000,12.5,2188,1800,884.0,27,0,5,5,3,3,0,5,0,5,3,0,0,1,0,Pay
F,2750,0,2755,10,1500,0,1541,1360,1782,24,24,63374,21374,42000,10.0,2100,2000,888.0,31,5,5,5,5,3,5,5,0,5,5,5,5,1,0,Pay
M,2750,0,2755,20,1500,0,1541,1542,1782,24,24,57023,15023,42000,12.0,2170,1800,884.0,30,5,5,5,5,3,0,5,0,5,3,0,3,1,5,Pay
M,2750,2,2755,24,1500,0,1541,1542,1783,24,24,56936,13936,43000,12.0,2222,1800,884.0,30,5,5,5,3,3,0,5,0,5,0,5,3,1,5,Pay
M,2750,0,2755,5,1500,0,1541,1542,1783,24,24,57046,17546,39500,12.0,2041,1800,884.0,31,5,5,5,5,3,2,5,0,5,3,5,0,1,0,Pay
M,2750,0,2755,6,1500,0,1541,1542,1782,18,18,56936,14436,42500,12.5,2804,1800,888.0,34,5,5,5,5,3,3,5,0,5,0,0,5,1,5,Pay
M,2750,0,2755,20,1500,0,1541,1542,1783,24,24,62364,15664,46700,12.0,2413,1800,959.0,30,5,5,5,5,3,2,5,0,5,3,0,0,1,0,Pay
M,2750,4,2755,25,1500,0,1541,1542,1783,24,24,56945,14445,42500,12.5,2214,1800,907.0,44,3,5,5,3,3,3,5,0,5,5,0,2,1,0,Pay
M,2750,2,2755,20,1500,0,1541,1542,1783,18,18,63456,19456,44000,12.5,2903,2000,884.0,30,5,5,5,3,3,2,5,0,5,3,5,5,1,5,Pay
M,2750,1,2755,15,1500,0,1541,1360,1782,24,24,59382,17382,42000,12.0,2170,1800,888.0,35,5,5,5,5,3,2,5,0,5,0,5,2,1,0,Pay
M,2750,1,2755,10,1500,0,1541,1360,1783,24,24,62000,17000,45000,12.0,2325,1800,884.0,28,0,5,5,5,3,3,5,0,5,0,0,2,1,5,Pay
F,2750,2,2755,5,1500,0,1541,1542,1783,24,24,56697,14467,42230,12.0,2182,1800,888.0,37,5,5,5,3,3,2,5,0,5,0,5,5,1,5,Pay
F,2750,0,2755,10,1000,0,1541,1360,605,18,18,55500,10500,45000,13.0,2988,500,888.0,36,5,5,5,5,2,0,1,0,5,5,0,5,1,5,Pay
M,2750,0,2755,25,1000,0,1541,1542,605,24,24,54650,11850,42800,13.0,2247,500,909.0,37,5,5,5,5,3,3,1,0,5,0,5,0,1,5,Pay
M,2750,0,2755,2,1000,0,1541,1360,875,24,24,56000,13500,42500,13.0,2231,0,954.0,49,3,5,3,5,3,3,1,0,5,3,5,5,1,5,Pay
F,2750,0,2755,6,0,0,1541,1360,878,18,18,62700,12700,50000,13.0,3319,0,909.0,33,5,5,5,5,3,0,1,0,5,5,5,0,1,5,Pay
M,2750,0,2755,29,1000,0,1541,935,605,30,30,54550,15550,39000,13.0,1723,0,888.0,35,5,5,5,5,3,3,1,0,5,0,0,2,1,5,Pay
M,2750,0,2755,35,1000,0,1541,1542,605,24,24,59000,21000,38000,12.0,1963,0,888.0,41,3,5,5,5,3,0,1,0,5,0,0,5,1,0,Pay
M,2750,3,2755,30,1500,0,1541,1542,603,18,18,57350,28050,29300,11.5,1909,1000,888.0,37,5,5,5,3,5,0,1,0,5,5,5,3,1,0,Pay
M,2750,0,2755,40,0,0,1541,1546,878,24,24,60140,18140,42000,13.0,2205,1000,923.0,58,2,5,5,5,3,3,1,0,5,0,0,3,1,0,Pay
M,2750,0,2755,15,1000,0,1541,1542,878,24,24,69900,21900,48000,12.0,2480,0,884.0,29,0,5,5,5,3,0,1,0,5,0,0,5,1,5,Pay
M,2750,0,2755,40,1000,0,1541,1542,1783,24,24,63000,28000,35000,11.0,1779,0,923.0,58,2,5,5,5,5,3,1,0,5,3,0,2,1,0,Pay
M,2750,4,2755,32,0,265000,1541,935,1783,24,24,57000,20500,36500,13.0,1916,1800,907.0,43,3,5,5,3,3,2,5,0,5,3,5,3,1,5,Pay
M,2750,4,2755,21,0,265000,1541,935,1783,24,24,38000,10000,28000,12.0,1447,1800,884.0,27,0,5,5,3,3,3,5,0,5,5,5,2,1,0,Pay
M,2750,2,2755,15,7829,0,1541,816,879,24,24,98500,37000,61500,13.5,3254,1800,884.0,26,0,5,5,3,3,0,1,0,5,5,0,2,5,5,Pay
M,2750,5,2755,18,6819,0,1541,1547,879,18,18,58000,17500,40500,13.5,2706,1800,923.0,67,1,5,5,3,3,2,5,0,5,0,5,3,5,5,Pay
M,2750,2,2755,9,5279,0,1541,1547,879,18,18,58000,17500,40500,13.5,2706,1800,884.0,27,0,5,5,3,3,0,5,0,5,0,5,3,4,0,Pay
M,2750,2,2756,8,4592,0,1541,1360,879,12,12,61000,26000,35000,13.5,3310,1800,888.0,39,5,0,5,3,5,2,5,0,5,3,5,3,4,0,Pay
M,2750,2,2755,14,8463,0,1541,1360,879,18,18,62000,20700,41300,13.5,2759,1800,923.0,52,2,5,5,3,3,0,5,0,5,0,0,2,5,5,Pay
M,2750,0,2755,20,0,0,1541,1544,603,30,30,86200,10200,76000,13.0,3357,2300,888.0,35,5,5,5,5,2,2,1,0,5,5,5,5,1,5,Pay
M,2750,0,2755,10,0,0,1541,1360,1783,18,17,75500,16300,59200,12.0,4109,2300,920.0,54,2,5,5,5,3,0,5,0,5,5,5,5,1,0,Pay
M,2750,0,2755,10,0,0,1541,1360,1783,18,17,75000,16300,58700,11.5,4049,2300,923.0,46,3,5,5,5,3,3,5,0,5,3,0,3,1,5,Pay
M,2750,0,2755,10,0,0,1541,1542,1783,18,17,70727,7200,63527,12.0,4410,2300,884.0,23,0,5,5,5,2,2,1,0,5,0,5,5,1,5,Pay
M,2750,0,2755,30,0,0,1541,1546,1783,24,22,85000,5000,80000,11.8,4495,3200,907.0,42,3,5,5,5,0,2,5,0,5,0,5,5,1,0,Pay
M,2750,0,2755,10,0,0,1541,1542,1783,24,23,70727,5700,65027,12.0,3506,2300,884.0,23,0,5,5,5,0,3,1,0,5,0,0,3,1,5,Pay
F,2750,0,2755,8,0,0,1541,1360,1782,12,12,73000,20000,53000,13.0,4991,2300,884.0,25,0,5,5,5,3,2,5,0,5,0,5,0,1,5,Pay
M,2750,0,2755,30,0,0,1541,1360,1783,18,17,71103,21603,49500,11.8,3427,2700,923.0,52,2,5,5,5,3,2,5,0,5,5,5,0,1,5,Pay
F,2750,0,2756,10,0,0,1541,1360,1782,30,29,67005,7005,60000,11.75,2677,1300,888.0,37,5,0,5,5,2,3,1,0,5,3,0,3,1,5,Pay
M,2750,0,2755,14,0,0,1541,1360,1782,24,24,66694,7194,59500,13.0,3124,2500,884.0,20,0,5,5,5,2,5,5,0,5,5,0,3,1,0,Pay
F,2750,0,2756,12,0,0,1541,1360,1783,24,24,73000,8000,65000,13.0,3413,2300,979.0,47,3,0,5,5,2,0,1,0,5,3,5,0,1,5,Pay
M,2750,0,2755,10,0,0,1541,1542,1783,24,23,72000,4000,68000,11.75,3651,1800,968.0,40,3,5,5,5,0,2,1,0,5,3,5,5,1,5,Pay
M,2750,0,2755,20,0,0,1541,1542,1783,24,22,72200,12400,59800,11.8,3360,2300,884.0,24,0,5,5,5,2,2,1,0,5,0,0,3,1,0,Pay
M,2750,0,2755,30,0,0,1541,1647,1783,30,28,103100,19100,84000,11.8,3885,2300,888.0,35,5,5,5,5,2,2,1,0,5,0,5,5,1,5,Pay
F,2750,0,2755,10,100,0,1541,1542,603,24,23,62370,4570,57800,11.25,3078,2500,,24,0,5,5,5,0,5,5,0,1,5,5,3,1,0,Pay
M,2750,0,2755,20,0,0,1541,1360,1783,30,29,94000,20700,73300,10.75,3207,3000,884.0,22,0,5,5,5,3,3,5,0,5,0,5,5,1,5,Pay
M,2750,0,2756,3,0,0,1541,1544,1783,24,22,71000,10000,61000,11.8,3427,2300,920.0,45,3,0,5,5,2,2,1,0,5,0,5,0,1,5,Pay
F,2750,0,2756,8,0,0,1541,1647,1783,36,34,68130,7130,61000,11.8,2429,2300,904.0,31,5,0,5,5,2,2,1,0,5,5,5,3,1,5,Pay
M,2750,0,2756,5,0,0,1541,1360,1783,30,29,76827,8827,68000,12.5,3078,2800,887.0,25,0,0,5,5,2,3,5,0,5,0,5,0,1,0,Pay
F,2750,0,2755,14,0,0,1541,935,877,30,29,73608,6700,66908,12.0,2999,2300,884.0,22,0,5,5,5,0,0,1,0,5,0,5,2,1,5,Pay
F,2750,0,2755,10,0,0,1541,1542,1783,30,29,71351,7700,63651,11.79,2842,2300,909.0,40,3,5,5,5,2,2,1,0,5,5,5,0,1,5,Pay
M,2750,0,2755,10,0,0,1541,1360,1783,30,29,76258,21358,54900,12.25,2473,2800,796.0,25,0,5,5,5,3,2,5,0,5,3,0,5,1,0,Pay
M,2750,0,2755,35,0,0,1541,1549,1783,36,35,194560,49560,145000,10.75,5479,4300,904.0,28,0,5,5,5,3,3,1,0,5,0,5,2,1,5,Pay
F,2750,0,2756,25,0,0,1541,1542,1783,24,23,65000,7000,58000,11.75,3114,2300,888.0,37,5,0,5,5,2,3,5,0,5,0,5,2,1,5,Pay
M,2750,0,2755,10,0,0,1541,1542,1783,24,23,70000,4000,66000,11.75,3544,1800,909.0,42,3,5,5,5,0,3,1,0,5,5,5,2,1,0,Pay
F,2750,0,2755,30,0,0,1541,1360,1783,18,17,72825,10825,62000,11.8,4293,2700,907.0,42,3,5,5,5,2,2,5,0,5,5,5,0,1,0,Pay
F,2750,0,2755,15,0,0,1541,1647,1783,24,24,57085,6085,51000,13.0,2678,2300,951.0,36,5,5,5,5,2,0,5,0,5,3,0,5,1,5,Pay
F,2750,0,2755,30,0,0,1541,1360,1783,30,29,68882,8882,60000,11.75,2677,1300,888.0,29,0,5,5,5,2,5,1,0,5,0,5,5,1,5,Pay
F,2750,0,2755,10,0,0,1541,1360,1783,24,24,72825,12825,60000,13.0,3150,2800,884.0,22,0,5,5,5,2,5,5,0,5,3,5,5,1,5,Pay
M,2750,0,2755,25,0,0,1541,1549,603,36,36,189200,42200,147000,10.0,5308,3591,900.0,27,0,5,5,5,3,0,1,0,5,3,5,3,1,0,Pay
M,2750,0,2755,14,0,0,1541,1360,877,24,24,70755,8755,62000,13.01,3256,2500,888.0,34,5,5,5,5,2,0,5,0,5,0,0,0,1,5,Pay
M,2750,0,2756,2,0,0,1541,1360,1783,30,29,70000,11000,59000,11.75,2632,1500,959.0,23,0,0,3,5,2,0,1,0,5,0,5,2,1,5,Pay
M,2750,0,2756,15,0,0,1541,1542,1783,18,18,67967,9307,58660,13.0,3894,2300,923.0,49,3,0,5,5,2,0,5,0,5,0,5,3,1,0,Pay
M,2750,0,2755,20,0,0,1541,1549,603,36,36,198400,48400,150000,10.0,5417,3651,884.0,23,0,5,5,5,3,0,1,0,5,0,5,2,1,0,Pay
M,2750,0,2755,20,0,0,1541,1360,1783,24,24,84000,11000,73000,13.0,3833,2800,884.0,25,0,5,5,5,2,2,1,0,5,0,0,2,1,0,Pay
M,2750,0,2755,14,0,0,1541,1360,1782,12,12,72610,51610,21000,13.0,1978,2500,888.0,33,5,5,5,5,5,0,5,0,5,5,0,2,1,5,Pay
M,2750,0,2755,14,0,0,1541,1360,877,24,23,75746,10746,65000,11.75,3490,2800,832.0,23,0,5,5,5,2,0,5,0,5,3,0,3,1,5,Pay
M,2750,0,2755,6,0,0,1541,1549,1783,36,36,185500,39600,145900,11.2,5415,5577,884.0,20,0,5,5,5,3,5,1,0,5,5,5,0,1,0,Pay
M,2750,0,2755,5,0,0,1541,1549,1782,36,35,189163,34163,155000,10.75,5857,4600,907.0,43,3,5,5,5,2,3,1,0,5,0,0,5,1,0,Pay
M,2750,0,2755,10,0,0,1541,1542,1783,24,24,67967,7067,60900,13.0,3197,2300,940.0,31,5,5,5,5,2,0,1,0,5,0,5,3,1,5,Pay
M,2750,0,2755,14,0,0,1541,1546,877,30,29,85880,4880,81000,12.5,3666,2800,884.0,21,0,5,5,5,0,2,1,0,5,0,5,3,1,0,Pay
M,2750,0,2755,14,0,0,1541,1360,877,18,18,72610,16610,56000,13.0,3718,2500,884.0,27,0,5,5,5,3,0,5,0,5,0,5,0,1,5,Pay
M,2750,0,2755,10,0,0,1541,1360,1783,18,17,74610,20110,54500,12.3,3797,2300,888.0,30,5,5,5,5,3,5,5,0,5,3,5,2,1,0,Pay
M,2750,0,2755,14,0,0,1541,1549,877,18,18,180463,40463,140000,10.0,8944,3335,884.0,26,0,5,5,5,3,5,1,0,5,3,5,5,1,0,Pay
M,2750,0,2755,10,0,0,1541,1542,1783,24,23,72351,12700,59651,11.86,3209,2300,888.0,33,5,5,5,5,2,0,5,0,5,3,5,2,1,5,Pay
M,2750,0,2755,29,0,0,1541,1360,1782,18,17,99000,23000,76000,11.75,5259,2800,888.0,30,5,5,5,5,3,5,1,0,5,0,5,0,1,0,Pay
F,2750,0,2756,5,0,0,1541,1360,1783,24,24,74000,18000,56000,13.0,2940,2300,923.0,46,3,0,5,5,3,0,5,0,5,5,5,3,1,0,Pay
M,2750,0,2755,14,0,0,1541,1360,877,18,18,73697,11697,62000,13.0,4116,2500,995.0,51,2,5,5,5,2,3,5,0,5,5,0,5,1,0,Pay
M,2750,0,2755,14,0,0,1541,1360,877,24,24,80160,16160,64000,13.0,3360,2500,884.0,27,0,5,5,5,3,0,5,0,5,0,5,0,1,5,Pay
M,2750,0,2755,14,0,0,1541,1360,1782,24,24,77554,9554,68000,13.01,3571,2500,888.0,30,5,5,5,5,2,2,1,0,5,5,0,5,1,0,Pay
F,2750,0,2755,15,0,0,1541,1542,1783,12,9,60378,25468,34910,11.0,4306,2500,838.0,36,5,5,5,5,5,0,5,0,5,3,5,2,1,5,Pay
M,2750,0,2755,14,0,0,1541,1542,877,12,11,70500,16900,53600,11.75,5445,1800,923.0,55,2,5,5,5,3,0,1,0,5,0,5,3,1,0,Pay
F,2750,0,2755,10,0,0,1541,1542,1783,24,22,60739,7467,53272,11.8,2993,2500,888.0,37,5,5,5,5,2,0,5,0,5,0,0,5,1,5,Pay
M,2750,0,2755,18,0,0,1541,1542,1783,18,17,69440,21140,48300,11.75,3342,2800,884.0,30,5,5,5,5,3,3,5,0,5,0,0,2,1,5,Pay
M,2750,0,2755,15,0,0,1541,1734,658,18,18,68454,4054,64400,13.0,4275,2800,884.0,23,0,5,5,5,0,2,5,0,5,5,5,0,1,5,Pay
F,2750,0,2756,5,0,0,1541,1360,1782,24,23,72000,9000,63000,10.75,3328,1500,888.0,28,0,0,5,5,2,2,1,0,5,3,5,0,1,0,Pay
M,2750,0,2755,30,0,0,1541,1360,1783,18,17,106258,32258,74000,11.75,5120,2800,923.0,56,2,5,5,5,3,0,1,0,5,5,5,2,1,0,Pay
M,2750,0,2755,14,0,0,1541,1542,877,24,24,61426,9426,52000,13.0,2730,2500,884.0,21,0,5,5,5,2,0,5,0,5,5,0,5,1,0,Pay
M,2750,0,2755,5,0,0,1541,1542,1783,24,23,70000,14000,56000,11.0,2970,1300,884.0,22,0,5,5,5,3,0,1,0,5,3,0,3,1,5,Pay
M,2750,0,2755,10,0,0,1541,1542,1783,30,29,74500,7300,67200,13.0,3070,1800,940.0,32,5,5,5,5,0,0,1,0,5,3,5,5,1,5,Pay
M,2750,0,2755,9,0,0,1541,1360,1783,24,23,75942,14424,61518,11.75,3303,2800,818.0,36,5,5,5,5,2,0,5,0,5,5,5,0,1,5,Pay
M,2750,0,2755,20,0,0,1541,1360,603,30,30,76437,16437,60000,11.8,2590,2300,884.0,33,5,5,5,5,3,2,1,0,5,5,5,5,1,0,Pay
M,2750,0,2755,20,0,0,1541,1360,1783,24,23,81248,16348,64900,12.0,3499,2300,888.0,27,0,5,5,5,3,3,1,0,5,5,5,2,1,0,Pay
F,2750,0,2755,10,0,0,1541,1547,1783,36,36,80272,8272,72000,13.0,2780,2300,884.0,25,0,5,5,5,2,5,1,0,5,0,5,0,1,0,Pay
F,2750,0,2755,10,0,0,1541,1360,1783,18,18,72320,9020,63300,13.0,4202,2300,907.0,39,5,5,5,5,2,0,1,0,5,3,0,3,1,5,Pay
M,2750,0,2755,24,0,0,1541,1360,1783,12,11,79200,30200,49000,11.75,4978,2800,884.0,27,0,5,5,5,3,5,5,0,5,5,5,3,1,5,Pay
M,2750,0,2755,50,0,0,1541,1542,1783,24,24,62755,12755,50000,12.0,2583,2500,923.0,51,2,5,5,5,3,2,5,0,5,0,5,5,1,0,Pay
M,2750,0,2755,30,0,0,1541,935,1783,18,16,74785,20785,54000,11.8,3972,2300,951.0,32,5,5,5,5,3,2,5,0,5,0,0,2,1,5,Pay
M,2750,0,2755,10,0,0,1541,1360,1783,12,11,72000,11500,60500,11.75,6146,1300,884.0,24,0,5,5,5,2,3,1,0,5,3,0,0,1,0,Pay
M,2750,0,2755,20,0,0,1541,1544,1783,24,23,83851,12851,71000,11.75,3812,2300,900.0,27,0,5,5,5,2,0,1,0,5,0,0,5,1,5,Pay
M,2750,0,2756,2,0,0,1541,1544,1783,24,23,73000,10600,62400,11.8,3353,2300,907.0,39,5,0,3,5,2,3,1,0,5,0,0,0,1,0,Pay
F,2750,0,2755,25,0,0,1541,1542,1783,12,11,68000,10000,58000,11.75,5892,2300,884.0,27,0,5,5,5,2,0,5,0,5,5,0,3,1,5,Pay
M,2750,0,2755,2,0,0,1541,1542,1783,24,23,72500,18500,54000,11.76,2900,1300,923.0,48,3,5,3,5,3,2,1,0,5,3,5,0,1,5,Pay
F,2750,0,2755,20,0,0,1541,1360,1783,24,24,71000,10000,61000,11.8,3142,2300,923.0,53,2,5,5,5,2,0,1,0,5,5,0,2,1,5,Pay
M,2750,0,2755,26,0,0,1541,1542,1783,18,17,61852,15152,46700,11.8,3233,2500,907.0,38,5,5,5,5,3,2,5,0,5,3,5,5,1,5,Pay
M,2750,0,2755,25,0,0,1541,1360,1783,30,30,66250,9250,57000,11.75,2458,3000,904.0,37,5,5,5,5,2,3,5,0,5,0,5,2,1,0,Pay
M,2750,0,2755,20,0,0,1541,1360,603,24,23,70095,17095,53000,11.8,2848,2300,884.0,21,0,5,5,5,3,0,5,0,5,3,0,5,1,0,Pay
M,2750,0,2755,15,0,0,1541,1542,1783,36,36,61852,3852,58000,13.0,2239,2500,907.0,42,3,5,5,5,0,2,5,0,5,3,0,2,1,0,Pay
M,2750,0,2755,10,0,0,1541,1360,1783,18,17,81058,16158,64900,12.0,4505,2500,888.0,35,5,5,5,5,2,3,5,0,5,0,0,2,1,5,Pay
M,2750,0,2755,24,0,0,1541,1360,1783,24,23,98000,22000,76000,11.25,4048,1300,884.0,25,0,5,5,5,3,5,1,0,5,3,0,5,1,5,Pay
M,2750,0,2755,10,0,0,1541,1360,1783,24,23,77300,11800,65500,12.5,3560,2800,907.0,43,3,5,5,5,2,5,5,0,5,3,0,0,1,0,Pay
M,2750,0,2756,10,0,0,1541,1360,1783,12,12,72000,12000,60000,13.0,5650,2300,884.0,23,0,0,5,5,2,2,1,0,5,5,5,0,1,0,Pay
M,2750,0,2756,2,0,0,1541,1542,1782,24,23,70866,6866,64000,11.75,3437,2300,838.0,30,5,0,3,5,0,5,1,0,5,5,0,3,1,5,Pay
M,2750,0,2755,30,0,0,1541,1360,1783,30,29,67500,10000,57500,12.0,2578,1500,884.0,32,5,5,5,5,2,5,1,0,5,0,5,5,1,5,Pay
F,2750,0,2756,5,0,0,1541,1360,877,24,23,81597,10597,71000,12.48,3857,2800,907.0,45,3,0,5,5,2,3,5,0,5,0,0,5,1,0,Pay
M,2750,0,2755,10,0,0,1541,1647,603,30,30,58742,8742,50000,11.25,2135,2300,923.0,49,3,5,5,5,2,2,5,0,5,0,5,0,1,0,Pay
M,2750,0,2755,3,0,0,1541,1542,603,30,28,76800,4800,72000,11.8,3330,2300,864.0,39,5,5,5,5,0,3,1,0,5,3,5,0,1,5,Pay
F,2750,0,2755,10,0,0,1541,1360,1783,24,23,75756,12756,63000,12.5,3424,2800,884.0,24,0,5,5,5,2,3,5,0,5,3,5,3,1,5,Pay
M,2750,0,2756,3,0,0,1541,1360,1783,30,30,75000,9000,66000,11.8,2849,1300,888.0,34,5,0,5,5,2,2,1,0,5,3,5,5,1,0,Pay
M,2750,0,2755,10,0,0,1541,1542,1783,23,23,73500,12500,61000,11.75,3249,1300,923.0,54,2,5,5,5,2,5,1,0,5,0,5,3,1,5,Pay
M,2750,0,2755,8,0,0,1541,1542,1783,24,23,75890,15890,60000,11.75,3222,1500,888.0,30,5,5,5,5,3,5,1,0,5,0,0,2,1,5,Pay
F,2750,0,2755,30,0,0,1541,1360,1783,18,17,70513,7013,63500,11.8,4396,2700,838.0,36,5,5,5,5,0,0,5,0,5,5,0,5,1,5,Pay
M,2750,0,2755,10,0,0,1541,1542,1783,24,23,72609,5700,66909,12.0,3607,2300,884.0,35,5,5,5,5,0,0,1,0,5,3,5,5,1,0,Pay
M,2750,0,2755,10,0,0,1541,1360,1783,24,23,81029,12029,69000,11.75,3705,2800,832.0,23,0,5,5,5,2,2,5,0,5,5,5,0,1,0,Pay
M,2750,2,2755,19,1000,0,1541,1360,1783,24,24,60500,4500,56000,14.0,2987,0,,42,3,5,5,3,0,3,1,0,1,0,5,5,1,0,Pay
M,2750,0,2755,20,0,0,1541,1360,1783,24,23,76500,11500,65000,11.8,3493,2300,938.0,23,0,5,5,5,2,3,1,0,5,3,0,2,1,0,Pay
M,2750,0,2755,40,0,0,1541,1360,1782,30,29,73200,9200,64000,11.0,2814,2300,907.0,40,3,5,5,5,2,3,1,0,5,5,0,2,1,0,Pay
M,2750,0,2755,10,0,0,1541,1542,1783,24,23,70727,5700,65027,12.0,3506,2300,888.0,31,5,5,5,5,0,3,1,0,5,5,0,3,1,5,Pay
F,2750,0,2755,6,0,0,1541,1542,1783,24,22,77200,12400,64800,11.8,3641,2300,888.0,31,5,5,5,5,2,0,1,0,5,3,0,5,1,0,Pay
M,2750,0,2755,14,0,0,1541,1542,877,24,24,64589,10589,54000,13.0,2835,2500,884.0,33,5,5,5,5,2,5,5,0,5,3,0,5,1,5,Pay
M,2750,2,2755,6,1000,0,1541,1360,1783,24,24,79984,14984,65000,13.0,3413,1200,925.0,49,3,5,5,3,2,3,1,0,5,0,0,2,1,0,Not Pay
F,2750,4,2755,20,2000,0,1541,1542,1783,24,24,66324,6632,59692,13.0,3134,2300,884.0,26,0,5,5,3,0,2,5,0,5,0,5,3,1,0,Not Pay
M,2750,0,2755,14,0,0,1541,1360,877,18,18,74500,19500,55000,13.0,3651,2700,951.0,39,5,5,5,5,3,3,5,0,5,3,0,5,1,5,Not Pay
M,2750,0,2755,23,0,0,1541,1360,1782,12,12,54281,22281,32000,13.0,3013,2300,900.0,25,0,5,5,5,5,0,5,0,5,0,5,3,1,5,Not Pay
M,2750,0,2755,22,0,0,1541,1360,1783,24,24,72000,14500,57500,11.5,2947,1300,884.0,25,0,5,5,5,3,5,1,0,5,3,0,0,1,0,Not Pay
M,2750,0,2755,33,0,0,1541,1360,1783,24,24,72500,12700,59800,13.0,3140,2300,923.0,59,2,5,5,5,2,0,1,0,5,5,5,3,1,5,Not Pay
M,2750,0,2755,33,0,0,1541,1542,1783,24,24,73300,23300,50000,11.05,2544,1300,884.0,25,0,5,5,5,3,0,1,0,5,0,0,2,1,0,Not Pay
F,2750,0,2755,30,0,0,1541,1542,1783,24,23,68500,13700,54800,11.5,2931,1300,888.0,36,5,5,5,5,3,5,1,0,5,0,0,0,1,0,Not Pay
M,2750,0,2755,29,0,0,1541,1360,1782,30,30,98000,28100,69900,13.0,3087,3300,888.0,32,5,5,5,5,3,3,5,0,5,5,5,0,1,0,Not Pay
F,2750,0,2755,5,0,0,1541,1360,1782,24,24,78000,16000,62000,13.0,3255,2300,888.0,36,5,5,5,5,3,0,1,0,5,0,0,5,1,5,Not Pay
F,2750,0,2755,35,0,0,1541,935,1782,24,24,55000,8000,47000,12.98,2467,2300,923.0,54,2,5,5,5,2,2,5,0,5,5,5,5,1,5,Not Pay
M,2750,0,2755,42,0,0,1541,1542,1783,24,23,66300,14000,52300,11.58,2801,1300,903.0,45,3,5,5,5,3,2,1,0,5,0,5,2,1,0,Not Pay
M,2750,0,2755,2,0,0,1541,1542,1783,24,24,66060,14060,52000,12.5,2708,1500,884.0,24,0,5,3,5,3,5,1,0,5,3,5,2,1,5,Not Pay
M,2750,0,2755,32,0,0,1541,1542,1783,30,29,68500,13700,54800,11.5,2433,1300,887.0,34,5,5,5,5,3,2,1,0,5,3,0,5,1,0,Not Pay
M,2750,0,2755,37,0,0,1541,1542,1783,24,24,69000,14700,54300,13.0,2851,2300,907.0,40,3,5,5,5,3,3,5,0,5,5,0,5,1,5,Not Pay
M,2750,0,2755,25,0,0,1541,935,1783,24,24,69000,11000,58000,13.0,3045,2300,888.0,30,5,5,5,5,2,0,5,0,5,5,5,2,1,5,Not Pay
M,2750,0,2755,25,0,0,1541,935,877,24,24,69000,19000,50000,13.0,2625,2300,884.0,28,0,5,5,5,3,2,5,0,5,3,0,5,1,0,Not Pay
M,2750,0,2755,5,0,0,1541,1360,1783,24,23,74000,21700,52300,11.5,2797,1300,888.0,30,5,5,5,5,3,3,1,0,5,0,0,5,1,0,Not Pay
M,2750,0,2756,25,0,0,1541,1360,1783,12,11,73200,25200,48000,11.8,4879,2300,974.0,52,2,0,5,5,3,0,5,0,5,3,5,2,1,5,Not Pay
M,2750,0,2755,40,0,0,1541,1542,877,24,22,68000,10200,57800,11.8,3247,2300,888.0,32,5,5,5,5,2,2,5,0,5,0,5,5,1,0,Not Pay
M,2750,0,2755,35,0,0,1541,1542,1783,24,24,69000,15000,54000,13.0,2835,2300,888.0,38,5,5,5,5,3,5,5,0,5,5,5,3,1,0,Not Pay
M,2750,0,2755,33,0,0,1541,1360,1783,30,30,68200,14200,54000,13.0,2385,2500,888.0,34,5,5,5,5,3,2,5,0,5,0,5,3,1,5,Not Pay
F,2750,0,2755,20,0,0,1541,1544,1783,24,24,70870,14870,56000,13.0,2940,2300,888.0,34,5,5,5,5,3,3,5,0,5,0,5,2,1,0,Not Pay
M,2750,0,2755,15,0,0,1541,1544,1783,12,12,79506,49506,30000,12.0,2800,2300,888.0,38,5,5,5,5,5,3,5,0,5,3,5,0,1,0,Not Pay
M,2750,0,2755,22,0,0,1541,1360,1783,24,24,68000,12500,55500,12.0,2868,3000,884.0,24,0,5,5,5,2,3,5,0,5,3,5,5,1,0,Not Pay
M,2750,0,2755,6,0,0,1541,935,1783,24,24,50000,10000,40000,13.0,2100,3300,907.0,40,3,5,5,5,3,0,5,0,5,0,5,0,1,5,Not Pay
M,2750,0,2755,2,0,0,1541,1360,1782,24,23,74202,12202,62000,11.75,3329,3400,888.0,31,5,5,3,5,2,5,5,0,5,3,5,2,1,0,Not Pay
M,2750,0,2755,30,0,0,1541,1360,1783,24,24,86500,21500,65000,13.0,3413,2300,888.0,36,5,5,5,5,3,5,1,0,5,3,5,3,1,5,Not Pay
M,2750,0,2755,32,0,0,1541,1360,1783,24,24,86500,21500,65000,13.0,3413,2300,888.0,39,5,5,5,5,3,3,1,0,5,0,5,3,1,0,Not Pay
M,2750,0,2755,27,0,0,1541,1360,1782,30,30,95000,15000,80000,13.0,3533,1300,960.0,29,0,5,5,5,2,0,1,0,5,5,0,0,1,5,Not Pay
F,2750,0,2755,14,0,0,1541,1360,603,24,24,76123,20123,56000,13.0,2940,2500,888.0,34,5,5,5,5,3,3,5,0,5,3,5,3,1,0,Not Pay
M,2750,0,2755,2,0,0,1541,1542,1782,24,24,74100,21100,53000,12.5,2760,1500,888.0,29,0,5,3,5,3,3,1,0,5,3,0,5,1,5,Not Pay
M,2750,0,2755,40,0,0,1541,1542,877,24,24,73000,8200,64800,13.0,3402,2500,888.0,38,5,5,5,5,2,2,5,0,5,5,5,3,1,0,Not Pay
M,2750,0,2756,8,0,0,1541,1360,1783,24,24,71470,11470,60000,13.0,3150,3800,888.0,31,5,0,5,5,2,2,5,0,5,3,5,2,1,5,Not Pay
M,2750,0,2755,25,0,0,1541,1542,1783,24,23,73500,20700,52800,11.5,2824,1300,887.0,28,0,5,5,5,3,2,1,0,5,5,5,2,1,5,Not Pay
M,2750,0,2755,33,0,0,1541,1542,1783,24,23,75330,11830,63500,11.5,3396,2300,884.0,34,5,5,5,5,2,2,1,0,5,5,5,3,1,0,Not Pay
F,2750,0,2755,14,0,0,1541,1542,1783,24,24,60286,13286,47000,13.0,2468,2500,888.0,29,0,5,5,5,3,0,5,0,5,0,0,3,1,0,Not Pay
F,2750,0,2756,2,0,0,1541,1360,1783,24,23,74500,13500,61000,10.75,3222,1000,887.0,36,5,0,3,5,2,0,1,0,5,5,5,3,1,0,Not Pay
M,2750,0,2755,33,0,0,1541,1360,1783,24,23,69500,13900,55600,11.47,2972,1300,983.0,29,0,5,5,5,3,5,1,0,5,5,5,3,1,5,Not Pay
M,2750,0,2755,33,0,0,1541,1360,1783,24,24,75000,14500,60500,13.0,3176,3300,884.0,26,0,5,5,5,2,2,5,0,5,5,5,0,1,0,Not Pay
F,2750,0,2755,30,0,0,1541,1360,1782,36,35,70280,10780,59500,10.75,2248,1500,887.0,30,5,5,5,5,2,3,1,0,5,3,0,3,1,5,Not Pay
F,2750,0,2755,15,0,0,1541,1542,1783,24,23,73500,11500,62000,12.5,3370,1800,888.0,29,0,5,5,5,2,2,1,0,5,5,0,0,1,5,Not Pay
M,2750,0,2755,14,0,0,1541,1542,1782,18,18,60286,24286,36000,13.0,2390,2500,888.0,29,0,5,5,5,5,3,5,0,5,3,5,3,1,5,Not Pay
M,2750,0,2755,14,0,0,1541,1542,1782,24,24,60286,13286,47000,12.99,2467,2500,884.0,26,0,5,5,5,3,3,5,0,5,3,0,0,1,0,Not Pay
M,2750,0,2755,27,0,0,1541,1360,1783,24,24,63000,13000,50000,11.5,2563,1300,888.0,30,5,5,5,5,3,3,1,0,5,3,0,3,1,0,Not Pay
M,2750,0,2755,30,0,0,1541,1542,1782,24,24,79300,22300,57000,12.5,2969,1500,888.0,29,0,5,5,5,3,5,1,0,5,5,5,5,1,5,Not Pay
M,2750,0,2756,33,0,0,1541,1542,1783,24,24,63840,9640,54200,12.98,2845,2800,907.0,44,3,0,5,5,2,0,5,0,5,5,0,3,1,5,Not Pay
M,2750,0,2755,7,0,0,1541,1360,1783,24,24,66500,13800,52700,13.0,2767,2300,888.0,30,5,5,5,5,3,5,5,0,5,3,0,3,1,0,Not Pay
M,2750,0,2755,23,0,0,1541,1360,1783,24,23,77000,12500,64500,11.5,3449,1300,884.0,31,5,5,5,5,2,2,1,0,5,3,0,2,1,0,Not Pay
M,2750,0,2755,32,0,0,1541,1360,1783,24,24,68500,11000,57500,13.0,3019,2300,888.0,35,5,5,5,5,2,5,5,0,5,0,0,2,1,0,Not Pay
F,2750,0,2755,20,0,0,1541,1360,877,24,24,108600,38600,70000,12.0,3617,2300,884.0,26,0,5,5,5,3,2,1,0,5,0,0,3,1,5,Not Pay
M,2750,0,2755,14,0,0,1541,1542,1782,24,24,60286,12286,48000,13.0,2520,2500,907.0,42,3,5,5,5,3,3,5,0,5,5,0,0,1,0,Not Pay
M,2750,0,2755,20,0,0,1541,1360,877,30,27,99500,29700,69800,11.8,3348,3300,884.0,38,5,5,5,5,3,0,5,0,5,3,0,0,1,5,Not Pay
F,2750,0,2755,18,0,0,1541,1360,877,24,24,74328,12328,62000,13.0,3255,2800,904.0,31,5,5,5,5,2,2,5,0,5,3,0,5,1,0,Not Pay
M,2750,0,2755,13,0,0,1541,1360,1783,12,12,96800,26800,70000,13.0,6592,2500,888.0,36,5,5,5,5,3,5,1,0,5,3,5,2,1,0,Not Pay
F,2750,0,2756,20,0,0,1541,1542,1783,24,24,68000,14800,53200,12.5,2771,2500,907.0,39,5,0,5,5,3,2,5,0,5,0,0,5,1,5,Not Pay
F,2750,0,2755,20,0,0,1541,1542,1783,36,35,73000,15200,57800,11.48,2220,1300,884.0,25,0,5,5,5,3,3,1,0,5,5,5,2,1,0,Not Pay
M,2750,0,2755,34,0,0,1541,1360,1783,24,24,86500,16500,70000,13.0,3675,2300,888.0,38,5,5,5,5,2,3,1,0,5,5,0,2,1,5,Not Pay
M,2750,0,2755,30,0,0,1541,1542,1783,30,30,74140,11140,63000,12.0,2730,2500,966.0,34,5,5,5,5,2,5,5,0,5,5,5,2,1,5,Not Pay
M,2750,0,2755,33,0,0,1541,1542,1783,24,23,69300,11130,58170,12.5,3161,1800,888.0,35,5,5,5,5,2,0,1,0,5,3,0,2,1,0,Not Pay
M,2750,0,2755,33,0,0,1541,1360,1783,18,17,69262,12262,57000,11.0,3906,2800,884.0,24,0,5,5,5,2,5,5,0,5,3,0,2,1,0,Not Pay
M,2750,0,2755,10,0,0,1541,1360,603,24,24,76514,23514,53000,13.0,2783,1500,888.0,28,0,5,5,5,3,2,1,0,5,5,0,0,1,5,Not Pay
F,2750,0,2755,30,0,0,1541,1360,1783,12,11,71000,49500,21500,11.5,2179,1300,923.0,49,3,5,5,5,5,0,5,0,5,0,0,0,1,5,Not Pay
M,2750,0,2755,33,0,0,1541,1542,1783,24,23,59600,8600,51000,12.5,2772,1800,884.0,21,0,5,5,5,2,5,1,0,5,3,5,2,1,0,Not Pay
F,2750,0,2755,50,0,0,1541,1360,1783,18,17,64500,9500,55000,12.25,3830,1500,934.0,48,3,5,5,5,2,5,1,0,5,0,0,5,1,0,Not Pay
M,2750,0,2755,6,0,0,1541,1547,1783,12,12,145000,75000,70000,13.0,6592,1300,960.0,26,0,5,5,5,5,3,1,0,5,0,5,3,1,0,Not Pay
M,2750,0,2755,10,0,0,1541,935,1783,12,12,50000,35000,15000,10.77,1385,2300,884.0,24,0,5,5,5,5,5,5,0,5,3,5,2,1,5,Not Pay
M,2750,0,2755,30,0,0,1541,1360,1783,24,24,90080,21080,69000,11.5,3536,2300,888.0,36,5,5,5,5,3,0,1,0,5,5,5,5,1,0,Not Pay
M,2750,0,2755,10,0,0,1541,1360,1783,12,11,76540,47540,29000,10.75,2920,2800,884.0,21,0,5,5,5,5,3,5,0,5,3,0,3,1,0,Not Pay
M,2750,0,2755,5,0,0,1541,1647,1782,24,24,69404,3470,65934,13.8,3505,200,951.0,40,3,5,5,5,0,2,1,0,5,3,0,3,1,0,Not Pay
M,2750,1,2756,6,0,0,1541,935,1782,36,36,69437,8437,61000,11.3,2269,1000,687.0,37,5,0,5,5,2,5,1,0,1,5,5,3,1,0,Not Pay
F,2750,0,2755,43,0,0,1541,1360,1783,30,30,76000,12500,63500,13.0,2805,1300,923.0,56,2,5,5,5,2,3,1,0,5,3,0,5,1,5,Not Pay
M,2750,0,2755,56,1200,0,1541,935,1783,18,17,68508,15808,52700,12.53,3683,1200,923.0,58,2,5,5,5,3,3,1,0,5,3,5,3,1,5,Not Pay
M,2750,0,2755,15,1200,0,1541,1360,1783,12,10,77445,35445,42000,10.85,4656,1000,884.0,24,0,5,5,5,5,2,1,0,5,3,0,2,1,5,Not Pay
M,2750,2,2755,10,1000,0,1541,1542,1783,18,18,75771,19611,56160,12.82,3720,1300,863.0,53,2,5,5,3,3,5,1,0,5,3,0,0,1,5,Not Pay
M,2750,0,2755,10,1000,0,1541,1360,1783,12,12,80000,18700,61300,13.01,5773,1300,884.0,25,0,5,5,5,3,2,1,0,5,3,5,2,1,0,Not Pay
F,2750,2,2755,0,0,0,1541,1360,1783,24,24,55894,2894,53000,14.0,2827,0,,21,0,5,0,3,0,5,1,0,1,3,0,5,1,0,Not Pay
F,2750,2,2755,0,0,0,1541,1360,1783,18,18,55894,2894,53000,14.0,3563,0,,27,0,5,0,3,0,2,1,0,1,5,0,5,1,5,Not Pay
M,2750,0,2755,30,1200,0,1541,1542,1783,30,30,69897,6397,63500,13.0,2805,1300,909.0,32,5,5,5,5,0,2,1,0,5,0,0,3,1,5,Not Pay
F,2750,5,2755,20,10000,0,1541,1360,1783,24,24,94000,47000,47000,14.0,2507,0,,33,5,5,5,3,5,5,1,0,1,3,0,0,5,0,Not Pay
M,2750,0,2755,12,10000,0,1541,1360,1783,18,18,73361,22361,51000,14.0,3428,0,,20,0,5,5,5,3,0,1,0,1,3,5,0,5,5,Not Pay
M,2750,2,2755,10,1000,0,1541,935,1783,24,24,74246,9246,65000,13.0,3413,1500,888.0,31,5,5,5,3,2,5,1,0,5,5,0,5,1,0,Not Pay
M,2750,0,2755,20,0,0,1541,1542,1783,24,24,68138,9638,58500,13.0,3071,1202,832.0,26,0,5,5,5,2,5,1,0,5,0,0,3,1,5,Not Pay
M,2750,0,2755,10,1000,0,1541,1360,1783,24,22,73238,14666,58572,11.8,3291,1300,809.0,27,0,5,5,5,3,0,1,0,5,5,0,5,1,5,Not Pay
F,2750,0,2755,15,1200,0,1541,1542,1783,24,23,58589,6739,51850,13.0,2840,1200,928.0,44,3,5,5,5,2,3,1,0,5,5,0,3,1,5,Not Pay
M,2750,0,2756,4,1000,0,1541,1542,1783,30,30,79800,8300,71500,13.0,3158,1000,906.0,28,0,0,5,5,2,5,1,0,5,5,5,3,1,0,Not Pay
M,2750,2,2755,10,0,0,1541,1542,1783,24,23,73352,11252,62100,13.0,3402,1200,888.0,37,5,5,5,3,2,0,1,0,5,5,0,2,1,5,Not Pay
M,2750,2,2755,0,0,0,1541,1542,1783,24,24,58800,3300,55500,14.0,2960,0,,33,5,5,0,3,0,3,1,0,1,3,0,0,1,5,Not Pay
M,2750,0,2755,22,10000,0,1541,1542,603,19,18,75000,15000,60000,14.0,4033,0,,25,0,5,5,5,3,5,1,0,1,5,0,3,5,0,Not Pay
F,2750,2,2755,20,0,0,1541,1542,1783,30,29,69960,7960,62000,14.0,2886,1200,807.0,35,5,5,5,3,2,3,1,0,5,5,0,5,1,5,Not Pay
M,2750,0,2755,31,10000,0,1541,1476,1783,18,18,70592,11592,59000,14.0,3966,0,,34,5,5,5,5,2,0,1,0,1,0,5,2,5,0,Not Pay
M,2750,0,2755,15,1200,0,1541,1360,1783,12,10,71342,11142,60200,10.88,6675,1200,974.0,56,2,5,5,5,2,0,1,0,5,0,0,5,1,5,Not Pay
M,2750,0,2755,39,10000,0,1541,1542,1783,18,18,70592,10592,60000,14.0,4033,0,,41,3,5,5,5,2,0,1,0,1,3,0,3,5,5,Not Pay
M,2750,0,2755,10,1000,0,1541,1542,1783,24,24,78240,13340,64900,13.0,3407,1300,968.0,45,3,5,5,5,2,3,1,0,5,5,0,3,1,5,Not Pay
F,2750,0,2756,3,1000,0,1541,1360,1783,24,24,82017,14017,68000,11.8,3502,1500,883.0,24,0,0,5,5,2,0,1,0,5,0,5,0,1,5,Not Pay
M,2750,0,2755,15,1200,0,1541,1542,1783,24,23,69960,10460,59500,13.0,3260,1200,903.0,42,3,5,5,5,2,3,1,0,5,0,0,5,1,0,Not Pay
M,2750,0,2755,15,1200,0,1541,1360,1783,12,12,76500,6100,70400,13.0,6629,1200,884.0,24,0,5,5,5,0,5,1,0,5,0,0,5,1,0,Not Pay
F,2750,1,2755,12,1200,0,1541,1542,1783,24,24,77191,11191,66000,14.0,3520,550,934.0,55,2,5,5,5,2,0,1,0,5,5,5,5,1,0,Not Pay
M,2750,2,2755,23,0,0,1541,1542,1783,12,10,65602,30062,35540,10.0,3909,1200,884.0,23,0,5,5,3,5,5,1,0,5,3,0,5,1,5,Not Pay
M,2750,0,2756,2,1000,0,1541,935,1782,24,24,74645,10845,63800,12.91,3345,1300,951.0,45,3,0,3,5,2,0,1,0,5,0,0,3,1,5,Not Pay
M,2750,0,2755,45,1000,0,1541,935,879,24,24,78181,26181,52000,11.2,2652,1800,,31,5,5,5,5,3,5,1,0,1,0,0,2,1,5,Not Pay
M,2750,0,2755,20,3000,0,1541,1544,879,18,18,60130,17630,42500,10.0,2715,2000,,25,0,5,5,5,3,0,5,0,1,3,5,0,4,5,Not Pay
M,2750,2,2755,20,4000,0,1541,816,1783,24,24,56841,14841,42000,11.0,2135,2000,884.0,28,0,5,5,3,3,0,5,0,5,0,5,0,4,0,Not Pay
M,2750,2,2755,25,1500,0,1541,1360,1783,24,24,60900,18900,42000,11.0,2135,2000,907.0,44,3,5,5,3,3,2,5,0,5,0,0,2,1,0,Not Pay
M,2750,0,2755,26,13625,0,1541,816,1783,24,24,85800,23700,62100,11.75,3196,1800,888.0,36,5,5,5,5,3,3,1,0,5,3,0,3,5,5,Not Pay
M,2750,0,2755,20,5000,0,1541,1544,603,24,24,69000,21000,48000,12.0,2480,2000,888.0,34,5,5,5,5,3,5,5,0,5,0,5,5,5,5,Not Pay
M,2750,0,2755,19,5000,0,1541,1544,1782,24,23,62517,9017,53500,11.25,2849,1800,888.0,33,5,5,5,5,2,2,1,0,5,5,5,3,4,5,Not Pay
M,2750,0,2755,15,6500,0,1541,1544,603,24,24,71505,21505,50000,12.0,2583,1800,888.0,30,5,5,5,5,3,2,1,0,5,5,5,5,5,0,Not Pay
F,2750,0,2756,10,500,0,1541,935,879,18,18,58572,21572,37000,13.5,2472,1500,,32,5,0,5,5,3,0,5,0,1,5,5,0,1,0,Not Pay
M,2750,0,2755,15,2500,0,1541,1542,603,24,24,58935,16700,42235,10.0,2112,2000,907.0,49,3,5,5,5,3,0,5,0,5,5,5,3,4,5,Not Pay
M,2750,0,2755,35,0,0,1541,1360,877,18,18,69200,19200,50000,13.0,3319,1800,900.0,29,0,5,5,5,3,0,1,0,5,3,5,0,1,0,Not Pay
M,2750,2,2755,25,1500,0,1541,1542,1783,24,23,63453,13953,49500,12.0,2669,2000,888.0,35,5,5,5,3,3,0,5,0,5,3,0,2,1,5,Not Pay
M,2750,0,2755,19,5000,0,1541,1542,603,24,24,60700,16300,44400,11.75,2285,1800,888.0,37,5,5,5,5,3,2,5,0,5,3,0,0,5,5,Not Pay
M,2750,0,2755,20,2500,0,1541,1542,1783,24,24,56497,16497,40000,13.0,2100,2000,,24,0,5,5,5,3,5,5,0,1,0,5,2,4,5,Not Pay
M,2750,0,2755,25,4500,0,1541,816,603,24,24,86200,26200,60000,12.0,3100,2000,884.0,25,0,5,5,5,3,2,1,0,5,5,5,2,4,5,Not Pay
M,2750,0,2756,3,0,0,1541,1542,877,30,30,64655,13000,51655,12.0,2238,2000,884.0,29,0,0,5,5,3,3,5,0,5,0,0,3,1,0,Not Pay
M,2750,0,2755,24,1500,0,1541,1360,603,24,24,74500,22500,52000,13.0,2730,2000,884.0,27,0,5,5,5,3,0,1,0,5,3,0,0,1,5,Not Pay
M,2750,0,2755,25,0,0,1541,1542,877,30,30,65800,5300,60500,11.51,2597,2000,884.0,29,0,5,5,5,0,2,1,0,5,0,0,2,1,5,Not Pay
M,2750,0,2755,18,1000,0,1541,1544,1783,24,24,74000,28000,46000,12.0,2377,2000,884.0,22,0,5,5,5,3,3,5,0,5,5,0,2,1,5,Not Pay
M,2750,0,2756,10,0,0,1541,816,1783,24,24,90100,27030,63070,13.0,3311,2300,909.0,40,3,0,5,5,3,5,1,0,5,0,5,2,1,5,Not Pay
M,2750,0,2755,9,4500,0,1541,816,1783,30,30,54000,11500,42500,13.5,1895,1800,904.0,30,5,5,5,5,3,2,5,0,5,5,0,5,5,5,Not Pay
M,2750,0,2756,9,5000,0,1541,1544,603,30,30,68000,10200,57800,12.0,2505,1000,,32,5,0,5,5,2,3,1,0,1,5,0,0,4,5,Not Pay
M,2750,0,2755,17,4500,0,1541,1542,1783,24,23,65400,8500,56900,12.5,3092,1800,864.0,43,3,5,5,5,2,0,1,0,5,3,0,0,4,0,Not Pay
F,2750,0,2755,10,0,0,1541,1542,1783,12,11,62415,14200,48215,11.0,4865,1800,888.0,32,5,5,5,5,3,0,1,0,5,3,0,2,1,0,Not Pay
M,2750,0,2755,10,0,0,1541,1542,603,24,24,64970,9970,55000,13.0,2888,1000,884.0,24,0,5,5,5,2,5,1,0,5,3,0,2,1,5,Not Pay
M,2750,0,2755,25,1000,0,1541,1542,879,24,24,58722,15372,43350,11.0,2204,2000,,32,5,5,5,5,3,2,5,0,1,3,0,5,1,0,Not Pay
F,2750,0,2756,8,6000,0,1541,1542,1783,24,24,59958,6958,53000,8.99,2605,2500,907.0,45,3,0,5,5,2,0,5,0,5,5,5,2,5,0,Not Pay
F,2750,0,2755,15,0,0,1541,1360,877,24,24,74000,24100,49900,13.0,2620,2200,888.0,32,5,5,5,5,3,0,5,0,5,5,5,0,1,0,Not Pay
M,2750,0,2755,20,15400,0,1541,935,1783,24,24,61750,12100,49650,11.75,2555,1800,888.0,32,5,5,5,5,2,2,1,0,5,3,5,2,5,5,Not Pay
M,2750,0,2755,5,5000,0,1541,1547,603,24,24,107000,31200,75800,11.75,3901,1800,888.0,30,5,5,5,5,3,3,1,0,5,5,5,0,4,5,Not Pay
M,2750,0,2755,6,0,0,1541,1360,877,24,24,70000,16000,54000,13.0,2835,2300,888.0,37,5,5,5,5,3,0,5,0,5,5,0,2,1,0,Not Pay
M,2750,0,2756,7,0,0,1541,1360,1783,24,23,66000,14000,52000,11.75,2792,1200,967.0,43,3,0,5,5,3,3,1,0,5,0,0,2,1,5,Not Pay
M,2750,2,2755,21,0,0,1541,1542,877,24,24,68755,10755,58000,12.0,2997,2300,884.0,26,0,5,5,3,2,5,5,0,5,5,0,0,1,0,Not Pay
M,2750,0,2755,10,3500,0,1541,816,1783,24,24,91700,19700,72000,13.0,3780,2500,888.0,34,5,5,5,5,3,5,1,0,5,3,5,5,3,0,Not Pay
M,2750,0,2756,10,5500,0,1541,1542,603,31,30,67124,7124,60000,13.0,2672,2600,,25,0,0,5,5,2,5,5,0,1,3,5,5,5,5,Not Pay
M,2750,0,2755,30,5000,0,1541,1542,879,18,18,60352,19552,40800,10.26,2616,2000,,43,3,5,5,5,3,2,5,0,1,5,0,2,4,5,Not Pay
M,2750,1,2755,36,1500,0,1541,1360,1783,18,18,73500,18375,55125,12.0,3614,2000,923.0,54,2,5,5,5,3,5,1,0,5,0,0,0,1,5,Not Pay
M,2750,0,2755,22,0,0,1541,935,1783,24,24,73947,16947,57000,13.0,2993,2500,888.0,29,0,5,5,5,3,5,5,0,5,3,5,3,1,0,Not Pay
M,2750,0,2755,27,5000,0,1541,1544,1783,24,24,73500,11400,62100,12.0,3209,2000,888.0,31,5,5,5,5,2,0,1,0,5,0,0,3,4,5,Not Pay
M,2750,0,2755,20,4000,0,1541,816,1782,30,30,89000,9700,79300,12.0,3436,1800,883.0,26,0,5,5,5,2,0,1,0,5,5,0,3,4,0,Not Pay
F,2750,0,2755,20,6500,0,1541,1542,1783,24,23,67309,12500,54809,12.5,2979,1500,,41,3,5,5,5,2,2,1,0,1,5,0,5,5,0,Not Pay
M,2750,0,2755,14,6000,0,1541,1544,603,24,24,68516,12016,56500,8.99,2777,2500,888.0,33,5,5,5,5,2,0,5,0,5,0,5,5,5,0,Not Pay
M,2750,0,2756,12,0,0,1541,1360,1782,24,24,63927,9927,54000,13.0,2835,1200,665.0,32,5,0,5,5,2,2,1,0,1,5,5,3,1,0,Not Pay
M,2750,3,2756,3,2000,0,1541,1544,1783,24,24,70200,18200,52000,13.0,2730,2580,907.0,41,3,0,5,3,3,3,5,0,5,0,5,5,1,5,Not Pay
M,2750,0,2755,10,5000,0,1541,1360,603,24,23,69409,12709,56700,11.25,3020,1800,884.0,28,0,5,5,5,2,2,1,0,5,3,5,5,4,5,Not Pay
M,2750,0,2755,10,6500,0,1541,1542,603,24,23,63500,8000,55500,10.75,2932,1800,906.0,28,0,5,5,5,2,0,1,0,5,0,0,2,5,5,Not Pay
M,2750,4,2755,25,2000,0,1541,1544,1783,18,17,72240,7240,65000,11.75,4497,1800,925.0,45,3,5,5,3,2,2,1,0,5,5,0,0,1,5,Not Pay
F,2750,3,2755,2,5000,0,1541,1542,1783,24,24,64400,12900,51500,12.0,2661,2060,884.0,28,0,5,3,3,3,2,5,0,5,5,5,3,4,5,Not Pay
M,2750,0,2755,30,0,0,1541,1360,1783,24,23,69677,12677,57000,11.75,3061,3400,864.0,41,3,5,5,5,2,3,5,0,5,0,5,3,1,0,Not Pay
M,2750,0,2755,12,6500,0,1541,1542,1783,30,30,68000,8200,59800,13.0,2641,1300,938.0,28,0,5,5,5,2,5,1,0,5,0,0,3,5,0,Not Pay
F,2750,0,2755,15,1000,0,1541,1547,879,18,17,53465,16040,37425,14.0,2664,2000,,46,3,5,5,5,3,2,5,0,1,5,0,0,1,0,Not Pay
F,2750,0,2756,5,1000,0,1541,1542,1782,24,24,65484,9484,56000,12.0,2893,2000,884.0,29,0,0,5,5,2,2,1,0,5,0,5,3,1,0,Not Pay
M,2750,0,2756,20,0,0,1541,816,1782,24,23,89000,28000,61000,10.75,3222,1500,959.0,23,0,0,5,5,3,3,1,0,5,3,0,3,1,5,Not Pay
M,2750,0,2755,35,18500,0,1541,935,1783,18,18,58100,13100,45000,11.75,2941,1800,907.0,48,3,5,5,5,3,0,5,0,5,3,0,2,5,5,Not Pay
M,2750,0,2755,21,2500,0,1541,816,879,24,24,80000,24200,55800,11.0,2837,1800,888.0,34,5,5,5,5,3,5,1,0,5,3,0,2,1,0,Not Pay
M,2750,0,2755,40,0,0,1541,1542,1782,24,23,69500,13500,56000,10.75,2958,700,665.0,33,5,5,5,5,2,2,1,0,1,3,0,3,1,0,Not Pay
M,2750,3,2755,20,2000,0,1541,1542,1783,24,24,62403,6240,56163,13.0,2949,2300,909.0,37,5,5,5,3,0,0,5,0,5,3,0,3,1,0,Not Pay
M,2750,0,2755,10,0,0,1541,1360,1783,24,23,92763,21763,71000,12.5,3859,2300,884.0,26,0,5,5,5,3,2,1,0,5,3,0,3,1,0,Not Pay
M,2750,0,2755,14,0,0,1541,1360,1782,24,24,93435,30435,63000,13.0,3308,2500,884.0,22,0,5,5,5,3,0,5,0,5,3,5,0,1,5,Not Pay
M,2750,0,2755,30,63000,0,1541,935,1783,18,18,62750,9200,53550,11.75,3499,1800,959.0,40,3,5,5,5,2,5,1,0,5,3,0,2,5,5,Not Pay
M,2750,0,2755,15,12500,0,1541,1542,1783,30,30,65690,6569,59121,12.0,2562,2300,887.0,58,2,5,5,5,2,3,5,0,5,0,5,0,5,5,Not Pay
M,2750,0,2755,15,0,0,1541,1542,1783,24,23,63000,13230,49770,11.48,2661,1300,884.0,23,0,5,5,5,3,0,1,0,5,5,0,3,1,0,Not Pay
M,2750,3,2756,3,2000,0,1541,1360,1783,24,24,69700,15700,54000,13.0,2835,2160,909.0,46,3,0,5,3,3,5,5,0,5,3,0,5,1,5,Not Pay
M,2750,0,2755,49,1500,0,1541,1360,603,24,24,68412,16412,52000,13.0,2730,1200,923.0,52,2,5,5,5,3,0,1,0,5,5,5,5,1,5,Not Pay
M,2750,2,2755,34,6000,0,1541,935,603,24,24,61800,13800,48000,11.75,2470,1800,888.0,38,5,5,5,3,3,3,1,0,5,5,0,2,5,5,Not Pay
M,2750,0,2755,20,3000,0,1541,1542,1783,24,23,67275,13455,53820,11.34,2871,2300,891.0,29,0,5,5,5,3,0,5,0,5,0,0,3,4,0,Not Pay
M,2750,0,2755,15,15222,0,1541,1542,1783,30,30,73840,16700,57140,13.0,2524,2300,884.0,26,0,5,5,5,3,0,5,0,5,5,5,5,5,0,Not Pay
M,2750,0,2755,27,0,0,1541,1360,877,24,24,70651,17651,53000,12.0,2738,2000,909.0,36,5,5,5,5,3,5,1,0,5,3,5,5,1,0,Not Pay
M,2750,0,2755,15,0,0,1541,1360,1783,24,24,70500,13000,57500,13.0,3019,2300,884.0,26,0,5,5,5,2,5,5,0,5,3,5,2,1,5,Not Pay
M,2750,0,2755,10,6500,0,1541,1542,603,24,24,74500,16000,58500,10.75,2962,1000,884.0,26,0,5,5,5,3,5,1,0,5,0,5,5,5,5,Not Pay
M,2750,0,2756,7,0,0,1541,1542,1783,18,18,62600,25100,37500,13.0,2490,2500,884.0,32,5,0,5,5,5,3,5,0,5,5,5,0,1,5,Not Pay
M,2750,1,2755,5,1500,0,1541,1360,878,24,23,68130,19130,49000,12.5,2663,2000,959.0,31,5,5,5,5,3,3,5,0,5,5,0,5,1,5,Not Pay
M,2750,0,2756,20,6500,0,1541,1544,1783,24,23,69288,14700,54588,11.25,2907,1800,888.0,32,5,0,5,5,3,0,1,0,5,3,5,5,5,5,Not Pay
M,2750,0,2755,25,1000,0,1541,1542,1782,30,30,69200,24200,45000,13.44,2004,1800,888.0,35,5,5,5,5,3,0,5,0,5,3,0,5,1,0,Not Pay
M,2750,0,2755,15,6500,0,1541,1542,1783,18,17,67155,17700,49455,11.18,3397,1800,884.0,24,0,5,5,5,3,0,1,0,5,5,5,3,4,5,Not Pay
M,2750,0,2755,33,2500,0,1541,1360,1783,24,24,68800,17800,51000,13.0,2678,2500,888.0,35,5,5,5,5,3,3,5,0,5,0,0,2,3,0,Not Pay
M,2750,0,2755,20,0,0,1541,1544,1782,24,24,67800,10000,57800,13.0,3035,2300,838.0,28,0,5,5,5,2,5,5,0,5,0,5,0,1,5,Not Pay
F,2750,0,2756,20,1000,0,1541,816,879,24,24,60870,17870,43000,12.0,2222,2200,,59,2,0,5,5,3,2,5,0,1,0,5,2,1,0,Not Pay
F,2750,0,2755,12,5000,0,1541,1647,603,24,24,90100,20600,69500,8.99,3417,2500,923.0,50,2,5,5,5,3,5,1,0,5,3,5,3,4,5,Not Pay
M,2750,0,2755,30,5000,0,1541,816,1783,24,24,56000,14000,42000,8.99,2065,2500,888.0,35,5,5,5,5,3,3,5,0,5,5,0,3,5,5,Not Pay
M,2750,0,2756,5,0,0,1541,1360,1783,24,23,95221,26521,68700,11.75,3689,1300,903.0,31,5,0,5,5,3,3,1,0,5,3,0,2,1,0,Not Pay
M,2750,0,2755,30,0,0,1541,1360,1782,24,23,65210,10210,55000,10.75,2905,700,883.0,28,0,5,5,5,2,0,1,0,5,0,5,2,1,5,Not Pay
M,2750,0,2755,46,2500,0,1541,1360,1783,24,24,66000,18000,48000,12.0,2480,2000,920.0,50,2,5,5,5,3,5,5,0,5,5,0,3,4,0,Not Pay
F,2750,0,2755,25,0,0,1541,1360,1782,24,24,67000,11500,55500,12.0,2868,1500,957.0,26,0,5,5,5,2,5,1,0,5,5,0,2,1,0,Not Pay
M,2750,0,2755,15,0,0,1541,1542,877,24,24,66715,10715,56000,13.5,2963,2240,883.0,26,0,5,5,5,2,3,5,0,5,5,5,5,1,0,Not Pay
F,2750,0,2755,5,5000,0,1541,1544,1783,24,23,62673,11673,51000,10.75,2694,1000,883.0,29,0,5,5,5,2,3,1,0,5,0,0,5,4,0,Not Pay
F,2750,0,2755,7,0,0,1541,1542,603,24,23,71000,15000,56000,10.75,2958,1500,884.0,23,0,5,5,5,3,5,1,0,5,0,5,5,1,5,Not Pay
M,2750,0,2755,20,0,0,1541,1360,877,24,24,73500,19500,54000,13.0,2835,2500,832.0,27,0,5,5,5,3,0,5,0,5,0,5,0,1,0,Not Pay
M,2750,0,2755,10,0,0,1541,1542,877,24,24,71500,27000,44500,13.0,2336,2500,884.0,28,0,5,5,5,3,0,5,0,5,3,0,2,1,5,Not Pay
F,2750,0,2755,20,0,0,1541,1360,1783,24,24,69175,6675,62500,12.0,3229,2500,888.0,35,5,5,5,5,0,0,5,0,5,3,0,3,1,0,Not Pay
M,2750,0,2756,6,0,0,1541,1360,1783,24,24,64810,10810,54000,12.5,2813,1300,888.0,30,5,0,5,5,2,3,1,0,5,0,0,0,1,0,Not Pay
M,2750,0,2755,15,6500,0,1541,1544,603,18,17,72866,15366,57500,13.0,4042,1800,925.0,46,3,5,5,5,3,5,1,0,5,5,5,5,4,5,Not Pay
F,2750,0,2755,33,0,0,1541,1542,1783,24,24,71500,11700,59800,11.19,3049,2800,884.0,26,0,5,5,5,2,5,5,0,5,5,0,3,1,5,Not Pay
M,2750,0,2755,10,0,0,1541,1542,1782,30,30,66360,12860,53500,13.0,2363,1200,888.0,36,5,5,5,5,2,5,1,0,5,3,5,3,1,0,Not Pay
M,2750,0,2755,35,0,0,1541,1647,1783,24,23,68600,9600,59000,10.75,3117,2300,888.0,37,5,5,5,5,2,2,5,0,5,0,5,5,1,5,Not Pay
M,2750,0,2755,10,0,0,1541,1360,877,24,24,86379,12879,73500,13.0,3859,2800,960.0,50,2,5,5,5,2,2,1,0,5,3,0,2,1,5,Not Pay
F,2750,0,2755,33,0,0,1541,1360,1783,24,23,73409,11409,62000,12.5,3370,2800,925.0,60,1,5,5,5,2,5,5,0,5,3,5,5,1,5,Not Pay
M,2750,4,2755,28,2000,0,1541,1542,603,24,24,52836,9036,43800,12.0,2263,2000,909.0,35,5,5,5,3,2,3,5,0,5,5,5,2,1,5,Not Pay
M,2750,0,2755,14,0,0,1541,935,877,24,23,49129,5129,44000,11.2,2342,1300,923.0,55,2,5,5,5,2,0,1,0,5,3,0,5,1,0,Not Pay
F,2750,2,2755,40,2500,0,1541,1647,1783,24,24,72050,9050,63000,13.5,3334,2520,960.0,31,5,5,5,3,2,0,5,0,5,5,5,2,1,0,Not Pay
M,2750,3,2755,23,1000,0,1541,816,605,18,18,96000,29000,67000,13.5,4476,1500,,31,5,5,5,3,3,2,1,0,1,5,5,0,1,0,Not Pay
M,2750,0,2755,10,0,0,1541,1542,879,24,24,54000,9000,45000,9.99,2250,500,,29,0,5,5,5,2,2,1,0,1,3,5,2,1,0,Not Pay
M,2750,0,2755,24,1598,2500000,1541,1542,879,24,24,54656,11656,43000,13.0,2258,2000,,31,5,5,5,5,3,5,5,0,1,0,5,5,1,5,Not Pay
M,2750,1,2756,3,1000,0,1541,1544,879,24,24,71548,23548,48000,11.0,2440,1500,,36,5,0,5,5,3,2,1,0,1,5,5,2,1,5,Not Pay
M,2750,1,2755,23,1100,0,1541,1542,879,24,24,55200,21700,33500,13.5,1773,2000,,30,5,5,5,5,3,5,5,0,1,0,0,5,1,5,Not Pay
M,2750,2,2756,6,10000,0,1541,816,879,24,24,79475,31975,47500,13.48,2513,1500,,32,5,0,5,3,5,0,1,0,1,5,5,0,5,5,Not Pay
M,2750,0,2755,20,1000,0,1541,1542,879,24,24,65000,20500,44500,13.5,2355,1500,,41,3,5,5,5,3,0,1,0,1,0,5,2,1,0,Not Pay
M,2750,2,2756,2,5106,0,1541,1360,879,24,24,66294,19794,46500,13.5,2461,2000,,31,5,0,3,3,3,0,5,0,1,0,5,2,5,5,Not Pay
M,2750,0,2756,2,1000,0,1541,816,879,24,24,80806,32806,48000,13.5,2540,1500,,30,5,0,3,5,5,0,1,0,1,0,0,3,1,5,Not Pay
M,2750,0,2756,8,15200,0,1541,1542,879,12,12,59400,17900,41500,13.0,3908,1500,,48,3,0,5,5,3,0,1,0,1,5,5,2,5,5,Not Pay
M,2750,5,2755,30,0,0,1541,935,879,24,24,50538,10538,40000,13.5,2117,1800,,46,3,5,5,3,3,2,5,0,1,0,0,3,1,0,Not Pay
M,2750,0,2756,3,15200,0,1541,816,879,18,18,80603,35603,45000,13.5,3006,1500,,34,5,0,5,5,5,5,1,0,1,0,0,2,5,5,Not Pay
M,2750,2,2755,20,200,0,1541,1544,879,30,30,60973,18973,42000,13.5,1873,1500,,42,3,5,5,3,3,3,1,0,1,0,5,0,1,0,Not Pay
M,2750,2,2755,25,10000,0,1541,1542,879,18,18,61700,15800,45900,13.51,3067,1500,,36,5,5,5,3,3,5,1,0,1,5,0,5,5,0,Not Pay
M,2750,1,2756,2,1000,0,1541,1542,879,24,24,65590,23590,42000,12.5,2188,1800,,37,5,0,3,5,3,2,5,0,1,0,5,0,1,5,Not Pay
M,2750,3,2755,10,0,0,1541,1546,879,12,12,53000,18550,34450,12.5,3230,2000,,38,5,5,5,3,3,2,5,0,1,5,0,0,1,0,Not Pay
M,2750,2,2756,2,1000,0,1541,1542,879,24,24,56575,20575,36000,13.5,1905,2000,888.0,37,5,0,3,3,3,3,5,0,5,3,5,3,1,0,Not Pay
F,2750,0,2755,2,2000,0,1541,1360,879,12,12,60500,27700,32800,12.5,3075,1800,,27,0,5,3,5,5,3,5,0,1,3,0,0,1,0,Not Pay
M,2750,2,2755,23,1000,0,1541,1542,879,24,24,62900,18900,44000,13.0,2310,1500,884.0,30,5,5,5,3,3,5,1,0,5,3,0,5,1,0,Not Pay
F,2750,0,2755,2,2000,0,1541,1360,879,18,18,69293,22293,47000,13.5,3140,1800,884.0,27,0,5,3,5,3,3,1,0,5,3,5,2,1,0,Not Pay
M,2750,0,2755,25,0,0,1541,1544,603,18,18,60181,11181,49000,13.98,3293,2000,888.0,34,5,5,5,5,2,5,5,0,5,0,5,3,1,5,Not Pay
M,2750,2,2755,20,500,0,1541,1360,603,24,24,79000,24000,55000,13.5,2910,1500,888.0,40,3,5,5,3,3,3,1,0,5,3,5,3,1,5,Not Pay
M,2750,0,2755,2,2000,0,1541,1542,604,24,23,56560,12560,44000,11.0,2334,1800,,47,3,5,3,5,3,5,5,0,1,3,0,2,1,5,Not Pay
M,2750,2,2755,20,0,0,1541,1544,603,12,12,60000,23300,36700,9.0,3334,1800,923.0,52,2,5,5,3,3,5,5,0,5,3,0,3,1,0,Not Pay
M,2750,1,2756,1,2000,0,1541,1360,1783,24,24,65981,19981,46000,13.5,2434,1500,888.0,42,3,0,0,5,3,0,1,0,5,0,5,5,1,0,Not Pay
M,2750,0,2755,5,1500,0,1541,1542,1783,24,24,61343,14843,46500,12.0,2403,1800,884.0,27,0,5,5,5,3,3,5,0,5,5,0,0,1,0,Not Pay
M,2750,0,2755,6,0,0,1541,1360,877,24,24,58903,17903,41000,14.0,2187,2000,887.0,33,5,5,5,5,3,0,5,0,5,0,0,3,1,5,Not Pay
M,2750,1,2755,20,1000,0,1541,1542,658,24,24,77000,25000,52000,13.0,2730,2000,907.0,44,3,5,5,5,3,0,1,0,5,5,0,5,1,5,Not Pay
M,2750,0,2755,22,3000,0,1541,1547,1783,24,24,62000,18600,43400,13.5,2297,2000,959.0,29,0,5,5,5,3,0,5,0,5,0,5,0,4,0,Not Pay
M,2750,3,2756,7,5000,0,1541,1544,1783,24,24,69182,19182,50000,11.5,2563,2000,884.0,30,5,0,5,3,3,0,5,0,5,0,0,3,4,5,Not Pay
M,2750,2,2755,40,1000,0,1541,1542,877,12,12,65600,15800,49800,12.5,4669,2300,967.0,46,3,5,5,3,3,3,5,0,5,3,0,5,1,5,Not Pay
M,2750,3,2755,35,0,0,1541,1542,877,24,24,99950,31950,68000,13.0,3570,2300,889.0,46,3,5,5,3,3,0,1,0,5,3,0,2,1,5,Not Pay
M,2750,0,2755,5,0,0,1541,1542,877,36,36,64800,18800,46000,12.5,1757,2000,888.0,37,5,5,5,5,3,0,5,0,5,0,5,2,1,0,Not Pay
M,2750,0,2756,9,2500,0,1541,1360,1782,24,24,58969,5969,53000,13.0,2783,2500,909.0,31,5,0,5,5,2,3,5,0,5,3,5,0,1,5,Not Pay
M,2750,0,2755,25,1000,0,1541,1542,1783,24,24,63950,19950,44000,13.0,2310,1800,907.0,43,3,5,5,5,3,5,5,0,5,5,0,3,1,5,Not Pay
M,2750,0,2755,10,0,0,1541,1360,877,24,24,66499,17499,49000,12.0,2532,2000,888.0,35,5,5,5,5,3,2,5,0,5,3,0,2,1,5,Not Pay
M,2750,0,2755,7,5000,0,1541,1544,1783,24,23,63354,11854,51500,11.25,2743,1800,981.0,32,5,5,5,5,2,2,1,0,5,5,0,5,4,5,Not Pay
M,2750,0,2755,10,0,0,1541,1542,877,18,18,69760,26760,43000,11.5,2801,1800,884.0,23,0,5,5,5,3,3,5,0,5,5,5,3,1,0,Not Pay
M,2750,0,2755,15,0,0,1541,1542,875,18,18,65800,23300,42500,12.0,2786,500,934.0,49,3,5,5,5,3,2,1,0,5,0,5,5,1,0,Not Pay
M,2750,3,2755,30,1500,0,1541,1360,1783,24,24,64700,12700,52000,12.0,2687,2080,888.0,35,5,5,5,3,2,5,5,0,5,0,5,5,1,0,Not Pay
F,2750,0,2755,20,4000,0,1541,1542,1783,24,23,67488,12750,54738,11.26,2916,1800,884.0,28,0,5,5,5,2,5,1,0,5,0,0,0,4,5,Not Pay
M,2750,0,2755,10,0,0,1541,1546,877,24,24,68800,12800,56000,12.0,2893,2000,888.0,40,3,5,5,5,2,3,1,0,5,3,0,5,1,0,Not Pay
M,2750,0,2755,15,6500,0,1541,1544,603,24,23,90000,24000,66000,11.25,3515,1800,909.0,45,3,5,5,5,3,2,1,0,5,5,5,5,4,0,Not Pay
M,2750,0,2755,21,0,0,1541,1360,877,24,24,66000,1000,65000,12.5,3385,2000,884.0,25,0,5,5,5,0,0,1,0,5,5,0,3,1,0,Not Pay
M,2750,0,2755,20,5000,0,1541,1542,603,24,23,60736,9110,51626,11.5,2761,1800,912.0,38,5,5,5,5,2,2,1,0,5,5,5,5,4,0,Not Pay
M,2750,0,2755,20,0,0,1541,935,1783,24,24,111306,45306,66000,12.0,3410,2000,880.0,27,0,5,5,5,5,0,1,0,5,0,5,5,1,5,Not Pay
M,2750,0,2755,20,5000,0,1541,1544,1783,24,23,76281,13281,63000,11.25,3355,1800,888.0,30,5,5,5,5,2,5,1,0,5,5,5,2,4,0,Not Pay
M,2750,0,2756,10,0,0,1541,1360,877,24,24,61556,13556,48000,12.0,2480,2000,906.0,24,0,0,5,5,3,5,5,0,5,0,0,2,1,5,Not Pay
F,2750,0,2755,20,0,0,1541,1360,1783,24,24,67391,16891,50500,13.0,2651,2000,,50,2,5,5,5,3,0,5,0,1,0,5,3,1,0,Not Pay
M,2750,0,2756,15,0,0,1541,1360,1783,12,12,77903,27903,50000,13.0,4708,2000,934.0,53,2,0,5,5,3,0,5,0,5,3,0,5,1,0,Not Pay
M,2750,0,2755,8,0,0,1541,1542,1783,30,30,65481,2981,62500,13.0,2760,2500,884.0,25,0,5,5,5,0,3,5,0,5,0,0,3,1,0,Not Pay
M,2750,0,2756,6,0,0,1541,1360,877,18,18,67886,13886,54000,13.0,3585,2000,883.0,25,0,0,5,5,3,2,1,0,5,5,5,3,1,0,Not Pay
M,2750,0,2755,10,0,0,1541,1360,1783,24,24,76900,30900,46000,13.0,2415,2500,884.0,27,0,5,5,5,5,2,5,0,5,5,5,2,1,5,Not Pay
M,2750,0,2755,25,0,0,1541,1360,877,24,24,68248,8743,59505,10.75,3012,750,890.0,35,5,5,5,5,2,0,1,0,5,0,0,5,1,5,Not Pay
M,2750,0,2756,15,0,0,1541,1360,877,24,23,61500,10500,51000,10.75,2694,1000,923.0,55,2,0,5,5,2,3,1,0,5,5,5,2,1,5,Not Pay
M,2750,0,2756,3,0,0,1541,1360,1782,12,11,63767,12767,51000,10.75,5135,3450,667.0,33,5,0,5,5,3,0,5,0,1,3,5,2,1,0,Not Pay
M,2750,0,2755,10,0,0,1541,1360,1782,24,23,62900,12900,50000,10.75,2641,1200,967.0,22,0,5,5,5,3,5,1,0,5,0,5,5,1,5,Not Pay
M,2750,0,2755,15,0,0,1541,1360,1782,24,23,62150,10150,52000,11.75,2792,1400,883.0,26,0,5,5,5,2,3,1,0,5,0,5,3,1,5,Not Pay
M,2750,0,2756,10,0,0,1541,1542,1783,24,24,64000,14000,50000,13.0,2625,1200,932.0,32,5,0,5,5,3,5,1,0,5,0,5,3,1,5,Not Pay
M,2750,0,2756,3,0,0,1541,1360,1783,24,24,64900,9900,55000,13.0,2888,1300,905.0,26,0,0,5,5,2,2,1,0,5,5,5,0,1,0,Not Pay
F,2750,2,2756,9,0,0,1541,1360,1782,24,24,64900,12400,52500,13.0,2756,1500,,61,1,0,5,3,2,5,1,0,1,3,0,5,1,5,Not Pay
F,2750,0,2756,5,0,0,1541,1360,1782,36,35,63500,8500,55000,13.0,2184,1200,888.0,29,0,0,5,5,2,5,1,0,5,3,0,2,1,0,Not Pay
M,2750,0,2755,30,0,0,1541,1360,1783,24,23,65000,13000,52000,11.75,2792,3400,883.0,23,0,5,5,5,3,3,5,0,5,0,5,3,1,5,Not Pay
M,2750,0,2756,3,0,0,1541,1360,1783,24,24,73810,18452,55358,13.0,2906,2300,888.0,32,5,0,5,5,3,3,5,0,5,0,5,2,1,0,Not Pay
M,2750,0,2755,20,0,0,1541,1360,1783,30,29,64900,11900,53000,11.75,2364,1300,863.0,24,0,5,5,5,2,5,1,0,5,3,0,2,1,5,Not Pay
M,2750,0,2756,5,0,0,1541,1360,1782,24,23,65000,13000,52000,11.75,2792,3400,883.0,24,0,0,5,5,3,0,5,0,5,0,0,5,1,0,Not Pay
F,2750,0,2755,2,0,0,1541,1360,1783,24,24,66000,13000,53000,13.0,2783,1500,959.0,24,0,5,3,5,2,5,1,0,5,0,0,5,1,5,Not Pay
M,2750,0,2756,10,0,0,1541,1360,1783,24,23,63500,9500,54000,13.0,2958,1200,909.0,29,0,0,5,5,2,3,1,0,5,0,5,3,1,0,Not Pay
M,2750,3,2755,20,0,0,1541,1360,1783,30,30,75900,17900,58000,13.0,2562,1500,763.0,50,2,5,5,3,3,5,1,0,5,0,5,5,1,5,Not Pay
M,2750,0,2756,2,0,0,1541,1360,1782,24,23,63500,10500,53000,11.0,2811,1200,884.0,29,0,0,3,5,2,0,1,0,5,0,5,2,1,0,Not Pay
M,2750,0,2756,8,0,0,1541,1360,1782,24,24,75000,18500,56500,13.0,2966,1500,959.0,22,0,0,5,5,3,3,1,0,5,5,0,5,1,0,Not Pay
F,2750,0,2755,1,0,0,1541,1360,1783,24,24,66000,13000,53000,13.0,2783,1300,887.0,30,5,5,0,5,2,5,1,0,5,3,5,5,1,5,Not Pay
M,2750,0,2756,5,0,0,1541,1360,1783,24,24,63500,10500,53000,13.0,2783,1200,960.0,36,5,0,5,5,2,3,1,0,5,3,0,0,1,0,Not Pay
M,2750,0,2755,35,0,0,1541,1360,1783,24,24,63761,11761,52000,13.0,2730,1200,888.0,29,0,5,5,5,2,5,1,0,5,5,0,0,1,0,Not Pay
M,2750,0,2756,10,0,0,1541,1542,1783,24,23,70400,15400,55000,11.75,2953,1200,909.0,34,5,0,5,5,3,2,1,0,5,0,5,5,1,5,Not Pay
M,2750,0,2755,10,0,0,1541,1360,1783,24,24,74000,16000,58000,13.0,3045,1500,942.0,27,0,5,5,5,3,3,1,0,5,0,5,2,1,0,Not Pay
M,2750,0,2756,5,0,0,1541,1360,1782,24,24,74100,15100,59000,13.0,3098,1500,959.0,24,0,0,5,5,3,3,1,0,5,5,0,5,1,0,Not Pay
M,2750,0,2755,15,0,0,1541,1360,1782,24,23,63500,10500,53000,11.0,2811,1200,888.0,35,5,5,5,5,2,3,1,0,5,3,5,0,1,5,Not Pay
F,2750,0,2756,5,0,0,1541,1542,1783,24,24,72500,16400,56100,12.5,2922,1200,888.0,35,5,0,5,5,3,5,1,0,5,3,0,3,1,0,Not Pay
M,2750,0,2755,15,0,0,1541,1542,1783,25,24,63978,9978,54000,11.75,2801,2700,907.0,45,3,5,5,5,2,0,5,0,5,3,5,2,1,5,Not Pay
M,2750,0,2755,30,0,0,1541,1360,1782,24,23,64144,10144,54000,11.75,2900,1300,960.0,35,5,5,5,5,2,5,1,0,5,3,0,5,1,0,Not Pay
M,2750,0,2755,10,0,0,1541,1360,1782,24,24,53600,5900,47700,12.0,2465,1500,960.0,35,5,5,5,5,2,3,1,0,5,3,5,5,1,0,Not Pay
M,2750,0,2755,20,0,0,1541,1360,1783,24,23,74000,17500,56500,11.75,3034,1200,967.0,42,3,5,5,5,3,0,1,0,5,3,5,2,1,0,Not Pay
M,2750,0,2755,20,0,0,1541,1360,1783,24,24,64611,10611,54000,13.0,2835,1500,959.0,25,0,5,5,5,2,5,1,0,5,5,5,0,1,0,Not Pay
F,2750,0,2755,5,0,0,1541,1360,1782,24,24,64611,13111,51500,13.0,2704,1500,903.0,42,3,5,5,5,3,0,1,0,5,5,0,5,1,5,Not Pay
M,2750,0,2756,9,0,0,1541,1360,1783,30,30,76900,15900,61000,12.0,2643,1200,884.0,24,0,0,5,5,3,0,1,0,5,3,0,0,1,0,Not Pay
M,2750,0,2756,5,0,0,1541,1360,1782,24,23,66000,13200,52800,11.75,2835,1200,959.0,28,0,0,5,5,3,2,1,0,5,3,5,5,1,0,Not Pay
M,2750,0,2755,30,0,0,1541,1360,1782,24,24,54500,6800,47700,13.0,2504,1200,899.0,31,5,5,5,5,2,5,1,0,5,0,0,2,1,0,Not Pay
F,2750,0,2755,2,0,0,1541,1360,1782,24,24,64210,8710,55500,13.0,2914,1200,924.0,44,3,5,3,5,2,0,1,0,5,3,0,2,1,5,Not Pay
M,2750,0,2755,10,0,0,1541,1360,1783,24,23,72143,14643,57500,11.75,3088,1200,959.0,27,0,5,5,5,3,2,1,0,5,0,0,2,1,5,Not Pay
M,2750,0,2756,3,0,0,1541,1360,1783,24,24,62000,12000,50000,13.0,2625,3200,884.0,22,0,0,5,5,2,0,5,0,5,3,5,5,1,0,Not Pay
F,2750,0,2755,22,0,0,1541,1360,1782,30,30,66700,13200,53500,13.0,2363,1300,923.0,62,1,5,5,5,2,2,1,0,5,5,0,5,1,5,Not Pay
M,2750,0,2755,25,0,0,1541,1360,1782,24,24,67791,10291,57500,13.0,3019,1500,888.0,30,5,5,5,5,2,3,1,0,5,5,0,0,1,5,Not Pay
M,2750,0,2755,33,0,0,1541,1360,1783,30,30,79741,13741,66000,12.0,2860,2800,925.0,41,3,5,5,5,2,3,5,0,5,0,5,3,1,0,Not Pay
F,2750,0,2755,10,0,0,1541,1360,1783,24,24,74800,9800,65000,10.75,3291,500,888.0,27,0,5,5,5,2,2,1,0,5,5,0,2,1,0,Not Pay
M,2750,0,2755,10,0,0,1541,1360,1783,24,24,83478,12478,71000,10.75,3594,500,909.0,41,3,5,5,5,2,5,1,0,5,5,5,3,1,5,Not Pay
M,2750,0,2755,15,0,0,1541,935,1783,30,29,74368,3768,70600,12.5,3195,2800,960.0,35,5,5,5,5,0,0,5,0,5,3,5,3,1,0,Not Pay
F,2750,0,2756,5,0,0,1541,1546,1783,24,24,81700,11000,70700,11.0,3594,1000,923.0,53,2,0,5,5,2,2,1,0,5,0,0,3,1,5,Not Pay
M,2750,0,2755,1,0,0,1541,1542,603,24,23,63874,11574,52300,11.75,2808,2300,884.0,29,0,5,0,5,2,3,5,0,5,3,0,2,1,5,Not Pay
M,2750,0,2756,5,0,0,1541,1360,1782,24,23,116459,32459,84000,11.75,4510,2800,973.0,60,1,0,5,5,3,3,1,0,5,3,0,5,1,0,Not Pay
M,2750,2,2755,20,1000,0,1541,1542,879,24,24,58500,21500,37000,12.25,1919,0,,37,5,5,5,3,3,2,1,0,1,3,0,5,1,5,Not Pay
M,2750,1,2755,2,2000,0,1541,1542,879,24,24,54280,15280,39000,13.0,2048,1500,,40,3,5,3,5,3,5,1,0,1,3,5,3,3,0,Not Pay
M,2750,3,2755,35,1000,0,1541,1542,879,24,24,76899,20899,56000,11.2,2856,1800,,41,3,5,5,3,3,0,1,0,1,0,0,3,1,0,Not Pay
F,2750,0,2755,10,1000,0,1541,935,879,18,18,33925,8000,25925,12.23,1705,1700,,41,3,5,5,5,3,5,5,0,1,0,0,0,1,0,Not Pay
M,2750,3,2755,43,0,0,1541,1547,879,18,18,129583,80583,49000,14.0,3294,1800,,50,2,5,5,3,5,2,1,0,1,3,5,3,1,0,Not Pay
M,2750,0,2755,29,1000,0,1541,1360,879,24,24,62515,14515,48000,13.5,2540,1700,,35,5,5,5,5,3,0,1,0,1,3,0,0,1,5,Not Pay
M,2750,3,2755,18,1400,0,1541,816,879,18,18,60000,20000,40000,13.0,2656,1800,,36,5,5,5,3,3,5,5,0,1,5,5,3,1,0,Not Pay
M,2750,3,2756,8,1100,0,1541,816,879,24,24,79500,29500,50000,13.5,2646,1800,,38,5,0,5,3,3,2,1,0,1,3,0,5,1,5,Not Pay
M,2750,0,2755,15,1100,0,1541,1547,879,24,24,93500,35500,58000,14.0,3093,2000,,26,0,5,5,5,3,0,1,0,1,3,5,0,1,0,Not Pay
M,2750,2,2755,20,0,0,1541,935,879,24,24,80816,31816,49000,12.25,2542,1800,,30,5,5,5,3,3,3,1,0,1,0,5,0,1,5,Not Pay
M,2750,2,2756,1,8045,0,1541,1360,879,24,24,65463,20463,45000,13.5,2381,1500,,30,5,0,0,3,3,2,1,0,1,5,0,5,5,5,Not Pay
M,2750,0,2755,20,2000,1500000,1541,1542,879,24,24,54000,5500,48500,13.0,2546,1800,,33,5,5,5,5,2,3,1,0,1,0,0,3,1,0,Not Pay
M,2750,0,2755,15,1000,0,1541,1546,879,18,18,51420,15420,36000,14.7,2441,2000,,47,3,5,5,5,3,0,5,0,1,0,0,0,1,0,Not Pay
M,2750,1,2755,20,1100,0,1541,1546,879,24,24,64000,14000,50000,11.0,2542,2000,,42,3,5,5,5,3,3,5,0,1,0,5,5,1,5,Not Pay
M,2750,0,2755,2,2000,0,1541,1542,879,24,24,65245,24245,41000,13.5,2170,1800,,32,5,5,3,5,3,2,5,0,1,3,0,5,3,0,Not Pay
M,2750,0,2756,6,1000,0,1541,816,879,21,21,91116,58116,33000,12.5,1915,1500,887.0,28,0,0,5,5,5,0,5,0,5,3,0,0,1,5,Not Pay
F,2750,3,2755,15,0,0,1541,1542,879,24,24,51500,14500,37000,12.25,1919,1800,,32,5,5,5,3,3,0,5,0,1,0,5,0,1,5,Not Pay
M,2750,4,2755,20,0,0,1541,1542,879,24,24,68500,22000,46500,13.0,2441,1500,,30,5,5,5,3,3,3,1,0,1,5,0,5,1,5,Not Pay
M,2750,5,2755,25,0,0,1541,935,879,24,24,51470,11470,40000,13.5,2117,1500,,38,5,5,5,3,3,0,1,0,1,3,5,5,1,5,Not Pay
M,2750,1,2755,9,1000,0,1541,1542,879,24,24,63590,12700,50890,13.0,2672,1800,,38,5,5,5,5,2,2,1,0,1,5,5,3,1,5,Not Pay
M,2750,0,2755,20,1100,0,1541,1547,879,24,24,62000,19000,43000,14.65,2317,2000,,29,0,5,5,5,3,3,5,0,1,0,0,5,1,5,Not Pay
M,2750,2,2755,22,0,0,1541,1544,879,24,24,74200,24200,50000,12.25,2594,1500,,32,5,5,5,3,3,3,1,0,1,3,0,3,1,0,Not Pay
M,2750,3,2755,10,0,0,1541,1544,879,24,24,55736,9736,46000,12.25,2386,1700,,37,5,5,5,3,2,3,1,0,1,3,0,0,1,5,Not Pay
M,2750,2,2755,35,0,0,1541,1360,879,18,18,55392,16392,39000,14.5,2638,1800,,43,3,5,5,3,3,2,5,0,1,0,0,0,1,5,Not Pay
M,2750,2,2755,30,0,0,1541,1542,879,18,18,50935,12935,38000,11.9,2488,1800,,35,5,5,5,3,3,3,5,0,1,3,5,5,1,5,Not Pay
M,2750,0,2756,2,1000,0,1541,1544,879,24,24,62556,18056,44500,12.01,2300,2000,,53,2,0,3,5,3,5,5,0,1,5,5,2,1,0,Not Pay
M,2750,0,2755,20,2500,0,1541,816,879,18,18,68100,23100,45000,12.5,2969,2500,,30,5,5,5,5,3,0,5,0,1,3,5,5,1,5,Not Pay
M,2750,0,2755,5,5000,0,1541,1544,879,24,24,62598,15700,46898,11.15,2390,2000,,58,2,5,5,5,3,3,5,0,1,3,0,2,5,0,Not Pay
F,2750,0,2755,15,0,0,1541,935,879,24,24,61616,18116,43500,13.5,2302,1800,,38,5,5,5,5,3,2,5,0,1,3,0,3,1,0,Not Pay
M,2750,0,2755,15,0,0,1541,935,879,24,24,35430,7430,28000,13.5,1482,1200,,47,3,5,5,5,3,0,5,0,1,0,0,2,1,0,Not Pay
M,2750,2,2755,20,0,0,1541,1360,879,24,24,73349,26349,47000,12.25,2438,1500,,38,5,5,5,3,3,0,1,0,1,5,5,0,1,5,Not Pay
M,2750,2,2755,5,0,0,1541,1542,879,18,18,50610,12610,38000,11.9,2488,1700,,35,5,5,5,3,3,2,5,0,1,5,5,3,1,0,Not Pay
M,2750,0,2755,19,1500,0,1541,1542,879,18,18,66270,23270,43000,13.5,2873,1800,,34,5,5,5,5,3,0,5,0,1,0,5,3,1,5,Not Pay
M,2750,4,2755,25,1500,0,1541,1360,879,24,24,61688,9688,52000,13.5,2752,1500,,48,3,5,5,3,2,5,1,0,1,5,0,0,1,0,Not Pay
M,2750,1,2755,16,500,0,1541,1547,879,24,24,82000,33000,49000,13.5,2593,500,,29,0,5,5,5,5,3,1,0,1,5,0,2,1,0,Not Pay
M,2750,3,2755,14,1000,0,1541,1360,879,30,30,79659,17159,62500,12.0,2708,1000,,35,5,5,5,3,3,5,1,0,1,3,5,2,1,0,Not Pay
F,2750,4,2756,3,0,0,1541,935,879,18,18,50290,12290,38000,11.9,2488,1500,,52,2,0,5,3,3,0,5,0,1,3,0,3,1,0,Not Pay
M,2750,2,2755,35,0,0,1541,1544,879,12,12,55332,10332,45000,11.25,4172,1800,,53,2,5,5,3,2,3,5,0,1,3,0,5,1,5,Not Pay
M,2750,0,2755,20,0,0,1541,1360,879,24,24,57100,18900,38200,12.25,1982,1800,,45,3,5,5,5,3,2,5,0,1,3,5,5,1,0,Not Pay
M,2750,0,2755,10,0,0,1541,1542,879,24,24,54000,9000,45000,9.99,2250,500,,29,0,5,5,5,2,2,1,0,1,5,0,0,1,5,Not Pay
M,2750,2,2755,33,2500,0,1541,1360,879,24,24,62237,6237,56000,13.0,2940,2200,,40,3,5,5,3,2,3,5,0,1,0,0,5,1,5,Not Pay
M,2750,3,2755,21,1500,0,1541,1547,879,18,18,91590,41690,49900,13.0,3313,2000,,29,0,5,5,3,5,0,5,0,1,5,0,3,1,5,Not Pay
M,2750,1,2755,15,1000,0,1541,1542,879,24,24,54500,11000,43500,14.75,2347,2000,,38,5,5,5,5,3,5,5,0,1,0,0,5,1,5,Not Pay
M,2750,2,2755,35,1000,300000,1541,1542,879,24,24,63229,21229,42000,13.0,2205,2000,,42,3,5,5,3,3,2,5,0,1,5,0,3,1,5,Not Pay
M,2750,2,2755,20,5000,0,1541,1360,879,18,18,69883,21883,48000,12.5,3167,2000,,43,3,5,5,3,3,0,5,0,1,0,5,3,4,0,Not Pay
M,2750,1,2756,6,1000,0,1541,1360,879,20,20,65281,14281,51000,13.0,3103,1500,,36,5,0,5,5,3,3,1,0,1,3,0,3,1,0,Not Pay
M,2750,0,2755,15,1000,0,1541,935,879,24,24,54200,10400,43800,13.8,2329,2000,,31,5,5,5,5,2,0,5,0,1,3,5,0,1,0,Not Pay
M,2750,0,2755,20,0,0,1541,1542,879,18,18,54410,13410,41000,11.0,2654,1800,,31,5,5,5,5,3,0,5,0,1,5,0,3,1,5,Not Pay
M,2750,0,2756,5,1000,0,1541,1542,879,24,24,59136,10136,49000,12.5,2552,2000,,38,5,0,5,5,2,3,5,0,1,5,5,5,1,0,Not Pay
M,2750,0,2755,10,1500,0,1541,1542,879,24,24,66270,22531,43739,13.5,2315,1800,,26,0,5,5,5,3,0,5,0,1,5,0,3,1,5,Not Pay
M,2750,2,2755,10,0,0,1541,1542,879,12,12,64520,35520,29000,14.0,2755,1500,,51,2,5,5,3,5,3,5,0,1,3,5,3,1,5,Not Pay
M,2750,2,2755,40,2500,0,1541,1546,879,18,18,56500,17000,39500,12.5,2606,1500,,48,3,5,5,3,3,3,1,0,1,5,0,5,3,5,Not Pay
M,2750,6,2755,10,0,0,1541,935,879,24,24,52568,12568,40000,13.5,2117,1800,,38,5,5,5,3,3,0,5,0,1,0,5,3,1,0,Not Pay
M,2750,0,2755,25,1000,0,1541,1547,879,24,24,91600,36600,55000,13.0,2888,0,,32,5,5,5,5,3,2,1,0,1,0,5,3,1,0,Not Pay
M,2750,2,2755,20,1000,0,1541,1546,878,30,30,59100,5999,53101,13.75,2378,0,,54,2,5,5,3,2,3,1,0,1,5,5,3,1,0,Not Pay
M,2750,0,2755,5,3000,0,1541,1542,879,24,24,63691,18691,45000,11.0,2288,2000,,31,5,5,5,5,3,0,5,0,1,3,0,2,4,0,Not Pay
M,2750,0,2755,10,0,0,1541,1547,879,24,24,129000,80000,49000,14.0,2613,1800,,26,0,5,5,5,5,0,1,0,1,0,0,5,1,5,Not Pay
F,2750,3,2755,20,0,0,1541,1360,879,24,24,58267,14567,43700,14.7,2356,2000,,42,3,5,5,3,3,0,5,0,1,5,0,5,1,5,Not Pay
M,2750,5,2755,40,1100,0,1541,1547,879,24,24,61614,16614,45000,13.5,2381,2000,,53,2,5,5,3,3,2,5,0,1,3,5,3,1,5,Not Pay
M,2750,2,2755,15,2400,0,1541,1542,879,18,18,61668,18668,43000,13.5,2873,1500,,31,5,5,5,3,3,2,1,0,1,5,0,3,1,0,Not Pay
M,2750,1,2756,1,1200,0,1541,1545,879,24,24,57777,8667,49110,13.25,2589,1500,,28,0,0,0,5,2,5,1,0,1,5,0,2,1,5,Not Pay
M,2750,3,2755,36,0,0,1541,1544,879,24,24,63904,20904,43000,14.5,2311,2000,,47,3,5,5,3,3,2,5,0,1,3,0,5,1,5,Not Pay
M,2750,0,2755,10,5500,0,1541,1544,879,24,24,62556,8556,54000,12.0,2790,2000,,31,5,5,5,5,2,3,1,0,1,3,5,0,4,0,Not Pay
M,2750,3,2755,38,1000,0,1541,1542,879,24,24,57899,17899,40000,12.52,2084,1800,,47,3,5,5,3,3,3,5,0,1,0,5,3,1,5,Not Pay
M,2750,3,2755,30,1000,0,1541,1542,879,24,24,59400,16900,42500,13.5,2249,1800,,41,3,5,5,3,3,5,5,0,1,5,5,5,1,5,Not Pay
M,2750,1,2755,40,2500,0,1541,1542,879,24,24,61571,23571,38000,12.01,1964,1500,,48,3,5,5,5,3,3,5,0,1,0,5,2,4,0,Not Pay
M,2750,0,2755,19,1500,0,1541,1542,879,24,24,59300,10499,48801,13.5,2582,2000,,28,0,5,5,5,2,3,5,0,1,5,0,3,1,0,Not Pay
M,2750,3,2755,10,0,0,1541,1360,879,24,24,66150,17150,49000,12.25,2542,1800,,35,5,5,5,3,3,0,1,0,1,3,5,2,1,5,Not Pay
M,2750,1,2755,20,1100,0,1541,1542,879,24,24,60500,17200,43300,14.0,2309,2000,,43,3,5,5,5,3,5,5,0,1,3,0,0,1,0,Not Pay
M,2750,4,2755,2,2000,0,1541,1360,879,24,24,78500,29500,49000,12.5,2552,1500,,45,3,5,3,3,3,0,1,0,1,5,0,0,1,5,Not Pay
M,2750,1,2755,25,2500,150000,1541,816,879,24,24,59734,18734,41000,13.0,2153,1700,,33,5,5,5,5,3,3,5,0,1,3,0,2,4,0,Not Pay
F,2750,0,2755,10,0,0,1541,1542,879,18,18,55695,28695,27000,14.5,1826,1500,,40,3,5,5,5,5,5,5,0,1,0,0,5,1,0,Not Pay
M,2750,0,2755,20,1000,0,1541,1542,879,24,24,59300,10499,48801,13.5,2582,0,,38,5,5,5,5,2,2,1,0,1,3,5,5,1,5,Not Pay
M,2750,1,2755,10,0,0,1541,1542,879,18,18,62155,19155,43000,13.99,2890,1800,,41,3,5,5,5,3,2,5,0,1,3,0,5,1,0,Not Pay
M,2750,0,2755,20,1000,0,1541,1546,879,36,36,59037,5999,53038,12.99,2047,0,,44,3,5,5,5,2,5,1,0,1,3,5,5,1,5,Not Pay
M,2750,5,2755,20,0,0,1541,935,879,24,24,53104,12104,41000,12.25,2127,1700,,52,2,5,5,3,3,2,5,0,1,3,5,2,1,5,Not Pay
M,2750,1,2755,40,0,0,1541,1544,879,24,24,64454,17454,47000,13.5,2487,1800,,35,5,5,5,5,3,5,1,0,1,3,0,5,1,0,Not Pay
M,2750,0,2755,20,1000,0,1541,1546,879,36,36,59037,5999,53038,12.99,2047,0,,29,0,5,5,5,2,0,1,0,1,5,0,2,1,5,Not Pay
M,2750,0,2755,35,0,0,1541,1360,879,24,24,61456,18456,43000,14.5,2311,1800,,45,3,5,5,5,3,3,5,0,1,0,5,0,1,0,Not Pay
M,2750,3,2755,27,12458,0,1541,816,879,24,24,62800,14500,48300,13.0,2536,1800,,42,3,5,5,3,3,0,1,0,1,3,0,0,5,5,Not Pay
M,2750,0,2755,15,1000,0,1541,1547,879,12,12,56000,18500,37500,13.0,3531,2000,,47,3,5,5,5,3,5,5,0,1,5,5,0,1,0,Not Pay
M,2750,2,2756,4,25561,0,1541,1542,879,18,18,60589,16964,43625,11.9,2856,1500,,44,3,0,5,3,3,0,1,0,1,3,0,0,5,0,Not Pay
M,2750,0,2756,1,1000,0,1541,1542,879,12,12,59615,17900,41715,10.75,3850,1700,,50,2,0,0,5,3,2,5,0,1,0,0,5,1,5,Not Pay
M,2750,2,2755,19,5000,0,1541,816,879,24,24,80725,27725,53000,13.0,2783,2000,,26,0,5,5,3,3,3,1,0,1,5,0,0,4,5,Not Pay
F,2750,1,2755,10,1000,0,1541,1547,879,24,24,57650,11550,46100,12.75,2411,1800,,28,0,5,5,5,3,3,5,0,1,3,5,0,1,0,Not Pay
M,2750,9,2756,2,1500,0,1541,1547,879,18,18,92499,34500,57999,12.0,3802,2000,,29,0,0,3,3,3,2,1,0,1,3,0,2,1,5,Not Pay
F,2750,0,2755,20,0,0,1541,935,879,24,24,52938,10938,42000,13.5,2223,1800,,50,2,5,5,5,3,2,5,0,1,5,0,3,1,5,Not Pay
F,2750,1,2755,9,1000,0,1541,1542,879,24,24,57693,10693,47000,10.75,2379,1800,,44,3,5,5,5,2,3,1,0,1,5,0,0,1,5,Not Pay
M,2750,0,2755,20,1000,0,1541,1542,879,24,24,53000,10499,42501,13.5,2249,0,,32,5,5,5,5,2,2,1,0,1,3,5,2,1,0,Not Pay
M,2750,0,2755,20,0,0,1541,1542,879,24,24,49256,12256,37000,13.0,1943,1800,,36,5,5,5,5,3,5,5,0,1,0,0,2,1,5,Not Pay
M,2750,5,2755,40,2500,0,1541,1547,879,18,18,82720,33915,48805,13.5,3260,1500,,51,2,5,5,3,5,5,1,0,1,5,0,2,1,0,Not Pay
M,2750,3,2755,43,0,0,1541,816,879,12,12,55055,17300,37755,12.5,3540,1800,,38,5,5,5,3,3,5,5,0,1,5,5,0,1,5,Not Pay
M,2750,3,2756,6,5000,0,1541,816,879,24,24,55739,17739,38000,13.0,1995,2000,,56,2,0,5,3,3,3,5,0,1,0,5,3,5,0,Not Pay
M,2750,5,2755,15,0,0,1541,935,879,24,24,49237,11237,38000,13.5,2011,1800,,43,3,5,5,3,3,2,5,0,1,3,5,5,1,5,Not Pay
F,2750,0,2755,10,1000,0,1541,1547,879,18,18,56000,17500,38500,13.0,2556,2000,,36,5,5,5,5,3,5,5,0,1,3,0,5,1,5,Not Pay
M,2750,2,2755,20,0,0,1541,1546,879,18,18,52874,16874,36000,14.5,2435,1800,,41,3,5,5,3,3,2,5,0,1,0,5,5,1,0,Not Pay
M,2750,0,2755,22,0,0,1541,1544,879,18,18,63904,30904,33000,14.5,2232,2000,,29,0,5,5,5,5,0,5,0,1,3,0,5,1,5,Not Pay
M,2750,0,2755,10,0,0,1541,1542,879,18,18,58407,18407,40000,14.0,2689,1800,,44,3,5,5,5,3,5,5,0,1,5,5,3,1,0,Not Pay
M,2750,0,2755,2,2000,0,1541,816,879,24,24,69654,22654,47000,13.5,2487,1800,,45,3,5,3,5,3,2,1,0,1,3,5,3,1,5,Not Pay
M,2750,1,2755,30,0,0,1541,935,879,30,30,48795,9795,39000,12.6,1710,1700,,56,2,5,5,5,3,0,5,0,1,3,0,3,1,0,Not Pay
